2026-05-06 19:50:08,274 - asyncio - DEBUG - selector_events.py:54 - Using selector: SelectSelector
2026-05-06 19:50:08,295 - main - INFO - main.py:79 - ==================================================
2026-05-06 19:50:08,295 - main - INFO - main.py:80 - 启动 RAG 角色扮演系统
2026-05-06 19:50:08,295 - main - INFO - main.py:81 - ==================================================
2026-05-06 19:50:08,320 - storage.mysql_client - INFO - mysql_client.py:54 - MySQL 连接成功: localhost:3306/rag_chatbot
2026-05-06 19:50:08,346 - storage.redis_client - INFO - redis_client.py:51 - Redis 连接成功: localhost:6379
2026-05-06 19:50:08,405 - storage.milvus_client - INFO - milvus_client.py:51 - Milvus 连接成功: localhost:19530
2026-05-06 19:50:08,405 - main - INFO - main.py:88 - 所有服务连接成功
2026-05-06 19:50:08,417 - main - INFO - main.py:40 - 加载 Embedding 模型: F:\4--专业所有安装的软件及改动设置\2-2--专高2\m3e模型\m3e-base
2026-05-06 19:50:08,434 - sentence_transformers.base.model - INFO - model.py:177 - No device provided, using cuda:0
2026-05-06 19:50:08,434 - sentence_transformers.base.model - INFO - model.py:973 - Loading SentenceTransformer model from F:\4--专业所有安装的软件及改动设置\2-2--专高2\m3e模型\m3e-base.
2026-05-06 19:50:08,524 - sentence_transformers.base.modules.transformer - DEBUG - transformer.py:728 - Active modality config: {'text': {'method': 'forward', 'method_output_name': 'last_hidden_state'}}
2026-05-06 19:50:08,767 - langchain_community.vectorstores.milvus - DEBUG - milvus.py:281 - Using previous connection: default
2026-05-06 19:50:08,957 - main - INFO - main.py:105 - 加载已有向量库: rag_chatbot_v2
2026-05-06 19:50:08,959 - sentence_transformers.base.model - INFO - model.py:962 - No modules.json found for F:\4--专业所有安装的软件及改动设置\2-3--专高3\3-bge-reranker-base\bge-reranker-base, initializing a new CrossEncoder model.
2026-05-06 19:50:09,698 - sentence_transformers.base.modules.transformer - DEBUG - transformer.py:728 - Active modality config: {'text': {'method': 'forward', 'method_output_name': 'logits'}}
2026-05-06 19:50:09,699 - core.rag_engine - INFO - rag_engine.py:46 - [Reranker] BGE 重排序器加载成功 (device=cpu)
2026-05-06 19:50:09,699 - main - INFO - main.py:126 - RAG 组件初始化成功
2026-05-06 19:50:59,870 - main - INFO - main.py:131 - 正在关闭服务...
2026-05-06 19:57:18,039 - datasets - DEBUG - config.py:54 - PyTorch version 2.11.0+cu128 available.
2026-05-06 19:57:18,050 - datasets - DEBUG - config.py:54 - PyTorch version 2.11.0+cu128 available.
2026-05-06 19:57:18,664 - asyncio - DEBUG - selector_events.py:54 - Using selector: SelectSelector
2026-05-06 19:57:18,691 - main - INFO - main.py:79 - ==================================================
2026-05-06 19:57:18,691 - main - INFO - main.py:80 - 启动 RAG 角色扮演系统
2026-05-06 19:57:18,691 - main - INFO - main.py:81 - ==================================================
2026-05-06 19:57:18,694 - storage.mysql_client - INFO - mysql_client.py:54 - MySQL 连接成功: localhost:3306/rag_chatbot
2026-05-06 19:57:18,699 - storage.redis_client - INFO - redis_client.py:51 - Redis 连接成功: localhost:6379
2026-05-06 19:57:18,755 - storage.milvus_client - INFO - milvus_client.py:51 - Milvus 连接成功: localhost:19530
2026-05-06 19:57:18,755 - main - INFO - main.py:88 - 所有服务连接成功
2026-05-06 19:57:18,767 - main - INFO - main.py:40 - 加载 Embedding 模型: F:\4--专业所有安装的软件及改动设置\2-6--专高6\bge-m3
2026-05-06 19:57:18,771 - sentence_transformers.base.model - INFO - model.py:177 - No device provided, using cuda:0
2026-05-06 19:57:18,771 - sentence_transformers.base.model - INFO - model.py:973 - Loading SentenceTransformer model from F:\4--专业所有安装的软件及改动设置\2-6--专高6\bge-m3.
2026-05-06 19:57:19,590 - sentence_transformers.base.modules.transformer - DEBUG - transformer.py:728 - Active modality config: {'text': {'method': 'forward', 'method_output_name': 'last_hidden_state'}}
2026-05-06 19:57:20,581 - main - INFO - main.py:56 - 正在加载知识库...
2026-05-06 19:57:20,582 - processor.data_processor - INFO - data_processor.py:140 - 加载文件: 中国心力衰竭诊断和治疗指南2024.pdf
2026-05-06 19:57:20,686 - processor.advanced_parser - INFO - advanced_parser.py:48 - [Fitz] 解析成功: 中国心力衰竭诊断和治疗指南2024.pdf, 41页
2026-05-06 19:57:20,686 - processor.data_processor - INFO - data_processor.py:142 -   提取 41 段文本
2026-05-06 19:57:20,686 - processor.data_processor - INFO - data_processor.py:140 - 加载文件: 中国肺动脉高压诊断与治疗指南（2021版）.pdf
2026-05-06 19:57:20,838 - processor.advanced_parser - INFO - advanced_parser.py:48 - [Fitz] 解析成功: 中国肺动脉高压诊断与治疗指南（2021版）.pdf, 41页
2026-05-06 19:57:20,838 - processor.data_processor - INFO - data_processor.py:142 -   提取 41 段文本
2026-05-06 19:57:20,839 - processor.data_processor - INFO - data_processor.py:140 - 加载文件: 高血压基层医防融合服务规范.pdf
2026-05-06 19:57:20,890 - processor.advanced_parser - INFO - advanced_parser.py:48 - [Fitz] 解析成功: 高血压基层医防融合服务规范.pdf, 7页
2026-05-06 19:57:20,890 - processor.data_processor - INFO - data_processor.py:142 -   提取 7 段文本
2026-05-06 19:57:20,891 - processor.data_processor - INFO - data_processor.py:140 - 加载文件: 中华人民共和国民法典_20200528.docx
2026-05-06 19:57:21,049 - processor.advanced_parser - INFO - advanced_parser.py:48 - [Fitz] 解析成功: 中华人民共和国民法典_20200528.docx, 175页
2026-05-06 19:57:21,049 - processor.data_processor - INFO - data_processor.py:142 -   提取 175 段文本
2026-05-06 19:57:21,049 - processor.data_processor - INFO - data_processor.py:165 - 目录加载完成: 共加载 4 个文件
2026-05-06 19:57:21,049 - processor.data_processor - INFO - data_processor.py:399 - 
处理文件: 中国心力衰竭诊断和治疗指南2024.pdf
2026-05-06 19:57:21,049 - processor.data_processor - INFO - data_processor.py:352 - 为文件 中国心力衰竭诊断和治疗指南2024.pdf 选择策略: 医疗指南策略
2026-05-06 19:57:21,053 - processor.data_processor - DEBUG - data_processor.py:85 - 文本清理: 1922 -> 1865 字符
2026-05-06 19:57:21,053 - processor.data_processor - DEBUG - data_processor.py:85 - 文本清理: 2165 -> 2073 字符
2026-05-06 19:57:21,053 - processor.data_processor - DEBUG - data_processor.py:85 - 文本清理: 2235 -> 2128 字符
2026-05-06 19:57:21,053 - processor.data_processor - DEBUG - data_processor.py:85 - 文本清理: 1672 -> 1561 字符
2026-05-06 19:57:21,053 - processor.data_processor - DEBUG - data_processor.py:85 - 文本清理: 1790 -> 1335 字符
2026-05-06 19:57:21,054 - processor.data_processor - DEBUG - data_processor.py:85 - 文本清理: 2267 -> 2162 字符
2026-05-06 19:57:21,054 - processor.data_processor - DEBUG - data_processor.py:85 - 文本清理: 2121 -> 2019 字符
2026-05-06 19:57:21,054 - processor.data_processor - DEBUG - data_processor.py:85 - 文本清理: 1787 -> 1741 字符
2026-05-06 19:57:21,055 - processor.data_processor - DEBUG - data_processor.py:85 - 文本清理: 2365 -> 2302 字符
2026-05-06 19:57:21,055 - processor.data_processor - DEBUG - data_processor.py:85 - 文本清理: 2082 -> 2019 字符
2026-05-06 19:57:21,055 - processor.data_processor - DEBUG - data_processor.py:85 - 文本清理: 2237 -> 2166 字符
2026-05-06 19:57:21,055 - processor.data_processor - DEBUG - data_processor.py:85 - 文本清理: 2189 -> 2106 字符
2026-05-06 19:57:21,055 - processor.data_processor - DEBUG - data_processor.py:85 - 文本清理: 2286 -> 2195 字符
2026-05-06 19:57:21,056 - processor.data_processor - DEBUG - data_processor.py:85 - 文本清理: 2047 -> 1706 字符
2026-05-06 19:57:21,056 - processor.data_processor - DEBUG - data_processor.py:85 - 文本清理: 2009 -> 1909 字符
2026-05-06 19:57:21,056 - processor.data_processor - DEBUG - data_processor.py:85 - 文本清理: 1861 -> 1777 字符
2026-05-06 19:57:21,056 - processor.data_processor - DEBUG - data_processor.py:85 - 文本清理: 2083 -> 1981 字符
2026-05-06 19:57:21,056 - processor.data_processor - DEBUG - data_processor.py:85 - 文本清理: 1655 -> 1361 字符
2026-05-06 19:57:21,056 - processor.data_processor - DEBUG - data_processor.py:85 - 文本清理: 2166 -> 2097 字符
2026-05-06 19:57:21,056 - processor.data_processor - DEBUG - data_processor.py:85 - 文本清理: 1960 -> 1850 字符
2026-05-06 19:57:21,056 - processor.data_processor - DEBUG - data_processor.py:85 - 文本清理: 2158 -> 2102 字符
2026-05-06 19:57:21,057 - processor.data_processor - DEBUG - data_processor.py:85 - 文本清理: 2043 -> 1957 字符
2026-05-06 19:57:21,058 - processor.data_processor - DEBUG - data_processor.py:85 - 文本清理: 1926 -> 1453 字符
2026-05-06 19:57:21,058 - processor.data_processor - DEBUG - data_processor.py:85 - 文本清理: 1738 -> 1671 字符
2026-05-06 19:57:21,058 - processor.data_processor - DEBUG - data_processor.py:85 - 文本清理: 1936 -> 1597 字符
2026-05-06 19:57:21,058 - processor.data_processor - DEBUG - data_processor.py:85 - 文本清理: 2177 -> 2090 字符
2026-05-06 19:57:21,058 - processor.data_processor - DEBUG - data_processor.py:85 - 文本清理: 2152 -> 2066 字符
2026-05-06 19:57:21,058 - processor.data_processor - DEBUG - data_processor.py:85 - 文本清理: 1503 -> 1443 字符
2026-05-06 19:57:21,058 - processor.data_processor - DEBUG - data_processor.py:85 - 文本清理: 2181 -> 2095 字符
2026-05-06 19:57:21,059 - processor.data_processor - DEBUG - data_processor.py:85 - 文本清理: 2026 -> 1950 字符
2026-05-06 19:57:21,059 - processor.data_processor - DEBUG - data_processor.py:85 - 文本清理: 1992 -> 1932 字符
2026-05-06 19:57:21,059 - processor.data_processor - DEBUG - data_processor.py:85 - 文本清理: 2080 -> 2009 字符
2026-05-06 19:57:21,059 - processor.data_processor - DEBUG - data_processor.py:85 - 文本清理: 4022 -> 3858 字符
2026-05-06 19:57:21,059 - processor.data_processor - DEBUG - data_processor.py:85 - 文本清理: 6078 -> 5716 字符
2026-05-06 19:57:21,060 - processor.data_processor - DEBUG - data_processor.py:85 - 文本清理: 6207 -> 5864 字符
2026-05-06 19:57:21,060 - processor.data_processor - DEBUG - data_processor.py:85 - 文本清理: 6272 -> 5922 字符
2026-05-06 19:57:21,060 - processor.data_processor - DEBUG - data_processor.py:85 - 文本清理: 6256 -> 5900 字符
2026-05-06 19:57:21,061 - processor.data_processor - DEBUG - data_processor.py:85 - 文本清理: 6122 -> 5775 字符
2026-05-06 19:57:21,061 - processor.data_processor - DEBUG - data_processor.py:85 - 文本清理: 6125 -> 5823 字符
2026-05-06 19:57:21,061 - processor.data_processor - DEBUG - data_processor.py:85 - 文本清理: 5868 -> 5558 字符
2026-05-06 19:57:21,062 - processor.data_processor - DEBUG - data_processor.py:85 - 文本清理: 3239 -> 3049 字符
2026-05-06 19:57:21,063 - processor.data_processor - INFO - data_processor.py:352 - 为文件 中国心力衰竭诊断和治疗指南2024.pdf 选择策略: 医疗指南策略
2026-05-06 19:57:21,063 - processor.data_processor - INFO - data_processor.py:376 -   分块参数: chunk_size=700, overlap=100
2026-05-06 19:57:21,080 - processor.data_processor - INFO - data_processor.py:477 -   文件处理完成: 41 段 -> 213 个块
2026-05-06 19:57:21,080 - processor.data_processor - INFO - data_processor.py:352 - 为文件 中国心力衰竭诊断和治疗指南2024.pdf 选择策略: 医疗指南策略
2026-05-06 19:57:21,080 - processor.data_processor - INFO - data_processor.py:399 - 
处理文件: 中国肺动脉高压诊断与治疗指南（2021版）.pdf
2026-05-06 19:57:21,080 - processor.data_processor - INFO - data_processor.py:352 - 为文件 中国肺动脉高压诊断与治疗指南（2021版）.pdf 选择策略: 医疗指南策略
2026-05-06 19:57:21,082 - processor.data_processor - DEBUG - data_processor.py:85 - 文本清理: 1514 -> 1483 字符
2026-05-06 19:57:21,082 - processor.data_processor - DEBUG - data_processor.py:85 - 文本清理: 2332 -> 2242 字符
2026-05-06 19:57:21,082 - processor.data_processor - DEBUG - data_processor.py:85 - 文本清理: 1561 -> 1524 字符
2026-05-06 19:57:21,082 - processor.data_processor - DEBUG - data_processor.py:85 - 文本清理: 3023 -> 2918 字符
2026-05-06 19:57:21,082 - processor.data_processor - DEBUG - data_processor.py:85 - 文本清理: 1901 -> 1867 字符
2026-05-06 19:57:21,082 - processor.data_processor - DEBUG - data_processor.py:85 - 文本清理: 2498 -> 2356 字符
2026-05-06 19:57:21,083 - processor.data_processor - DEBUG - data_processor.py:85 - 文本清理: 2204 -> 2081 字符
2026-05-06 19:57:21,083 - processor.data_processor - DEBUG - data_processor.py:85 - 文本清理: 2033 -> 1984 字符
2026-05-06 19:57:21,083 - processor.data_processor - DEBUG - data_processor.py:85 - 文本清理: 2033 -> 1965 字符
2026-05-06 19:57:21,083 - processor.data_processor - DEBUG - data_processor.py:85 - 文本清理: 1899 -> 1844 字符
2026-05-06 19:57:21,084 - processor.data_processor - DEBUG - data_processor.py:85 - 文本清理: 1517 -> 1468 字符
2026-05-06 19:57:21,084 - processor.data_processor - DEBUG - data_processor.py:85 - 文本清理: 2163 -> 2054 字符
2026-05-06 19:57:21,084 - processor.data_processor - DEBUG - data_processor.py:85 - 文本清理: 2157 -> 2072 字符
2026-05-06 19:57:21,084 - processor.data_processor - DEBUG - data_processor.py:85 - 文本清理: 2074 -> 2012 字符
2026-05-06 19:57:21,084 - processor.data_processor - DEBUG - data_processor.py:85 - 文本清理: 2250 -> 2170 字符
2026-05-06 19:57:21,085 - processor.data_processor - DEBUG - data_processor.py:85 - 文本清理: 2218 -> 2144 字符
2026-05-06 19:57:21,085 - processor.data_processor - DEBUG - data_processor.py:85 - 文本清理: 1854 -> 1761 字符
2026-05-06 19:57:21,085 - processor.data_processor - DEBUG - data_processor.py:85 - 文本清理: 2043 -> 1933 字符
2026-05-06 19:57:21,085 - processor.data_processor - DEBUG - data_processor.py:85 - 文本清理: 1684 -> 1640 字符
2026-05-06 19:57:21,085 - processor.data_processor - DEBUG - data_processor.py:85 - 文本清理: 2160 -> 2097 字符
2026-05-06 19:57:21,085 - processor.data_processor - DEBUG - data_processor.py:85 - 文本清理: 2108 -> 2048 字符
2026-05-06 19:57:21,085 - processor.data_processor - DEBUG - data_processor.py:85 - 文本清理: 2151 -> 2091 字符
2026-05-06 19:57:21,085 - processor.data_processor - DEBUG - data_processor.py:85 - 文本清理: 2033 -> 1993 字符
2026-05-06 19:57:21,085 - processor.data_processor - DEBUG - data_processor.py:85 - 文本清理: 2014 -> 1962 字符
2026-05-06 19:57:21,087 - processor.data_processor - DEBUG - data_processor.py:85 - 文本清理: 2014 -> 1958 字符
2026-05-06 19:57:21,087 - processor.data_processor - DEBUG - data_processor.py:85 - 文本清理: 1925 -> 1874 字符
2026-05-06 19:57:21,087 - processor.data_processor - DEBUG - data_processor.py:85 - 文本清理: 1749 -> 1707 字符
2026-05-06 19:57:21,087 - processor.data_processor - DEBUG - data_processor.py:85 - 文本清理: 2050 -> 2005 字符
2026-05-06 19:57:21,087 - processor.data_processor - DEBUG - data_processor.py:85 - 文本清理: 2255 -> 2206 字符
2026-05-06 19:57:21,087 - processor.data_processor - DEBUG - data_processor.py:85 - 文本清理: 2770 -> 2729 字符
2026-05-06 19:57:21,087 - processor.data_processor - DEBUG - data_processor.py:85 - 文本清理: 5947 -> 5738 字符
2026-05-06 19:57:21,087 - processor.data_processor - DEBUG - data_processor.py:85 - 文本清理: 5572 -> 5342 字符
2026-05-06 19:57:21,087 - processor.data_processor - DEBUG - data_processor.py:85 - 文本清理: 6023 -> 5783 字符
2026-05-06 19:57:21,089 - processor.data_processor - DEBUG - data_processor.py:85 - 文本清理: 6000 -> 5793 字符
2026-05-06 19:57:21,089 - processor.data_processor - DEBUG - data_processor.py:85 - 文本清理: 6215 -> 6000 字符
2026-05-06 19:57:21,089 - processor.data_processor - DEBUG - data_processor.py:85 - 文本清理: 5958 -> 5737 字符
2026-05-06 19:57:21,089 - processor.data_processor - DEBUG - data_processor.py:85 - 文本清理: 6281 -> 6047 字符
2026-05-06 19:57:21,089 - processor.data_processor - DEBUG - data_processor.py:85 - 文本清理: 6028 -> 5799 字符
2026-05-06 19:57:21,089 - processor.data_processor - DEBUG - data_processor.py:85 - 文本清理: 6148 -> 5927 字符
2026-05-06 19:57:21,091 - processor.data_processor - DEBUG - data_processor.py:85 - 文本清理: 5982 -> 5763 字符
2026-05-06 19:57:21,091 - processor.data_processor - DEBUG - data_processor.py:85 - 文本清理: 2160 -> 2095 字符
2026-05-06 19:57:21,095 - processor.data_processor - INFO - data_processor.py:352 - 为文件 中国肺动脉高压诊断与治疗指南（2021版）.pdf 选择策略: 医疗指南策略
2026-05-06 19:57:21,095 - processor.data_processor - INFO - data_processor.py:376 -   分块参数: chunk_size=700, overlap=100
2026-05-06 19:57:21,114 - processor.data_processor - INFO - data_processor.py:477 -   文件处理完成: 41 段 -> 239 个块
2026-05-06 19:57:21,114 - processor.data_processor - INFO - data_processor.py:352 - 为文件 中国肺动脉高压诊断与治疗指南（2021版）.pdf 选择策略: 医疗指南策略
2026-05-06 19:57:21,114 - processor.data_processor - INFO - data_processor.py:399 - 
处理文件: 高血压基层医防融合服务规范.pdf
2026-05-06 19:57:21,114 - processor.data_processor - INFO - data_processor.py:352 - 为文件 高血压基层医防融合服务规范.pdf 选择策略: 医疗指南策略
2026-05-06 19:57:21,114 - processor.data_processor - DEBUG - data_processor.py:85 - 文本清理: 3201 -> 3165 字符
2026-05-06 19:57:21,114 - processor.data_processor - DEBUG - data_processor.py:85 - 文本清理: 1966 -> 1895 字符
2026-05-06 19:57:21,115 - processor.data_processor - DEBUG - data_processor.py:85 - 文本清理: 2314 -> 2232 字符
2026-05-06 19:57:21,115 - processor.data_processor - DEBUG - data_processor.py:85 - 文本清理: 2194 -> 2131 字符
2026-05-06 19:57:21,115 - processor.data_processor - DEBUG - data_processor.py:85 - 文本清理: 1769 -> 1731 字符
2026-05-06 19:57:21,115 - processor.data_processor - DEBUG - data_processor.py:85 - 文本清理: 1451 -> 1432 字符
2026-05-06 19:57:21,115 - processor.data_processor - DEBUG - data_processor.py:85 - 文本清理: 3298 -> 3168 字符
2026-05-06 19:57:21,116 - processor.data_processor - INFO - data_processor.py:352 - 为文件 高血压基层医防融合服务规范.pdf 选择策略: 医疗指南策略
2026-05-06 19:57:21,116 - processor.data_processor - INFO - data_processor.py:376 -   分块参数: chunk_size=700, overlap=100
2026-05-06 19:57:21,122 - processor.data_processor - INFO - data_processor.py:477 -   文件处理完成: 7 段 -> 32 个块
2026-05-06 19:57:21,122 - processor.data_processor - INFO - data_processor.py:352 - 为文件 高血压基层医防融合服务规范.pdf 选择策略: 医疗指南策略
2026-05-06 19:57:21,122 - processor.data_processor - INFO - data_processor.py:399 - 
处理文件: 中华人民共和国民法典_20200528.docx
2026-05-06 19:57:21,122 - processor.data_processor - INFO - data_processor.py:352 - 为文件 中华人民共和国民法典_20200528.docx 选择策略: 法律条文策略
2026-05-06 19:57:21,123 - processor.data_processor - DEBUG - data_processor.py:85 - 文本清理: 253 -> 226 字符
2026-05-06 19:57:21,124 - processor.data_processor - DEBUG - data_processor.py:85 - 文本清理: 268 -> 243 字符
2026-05-06 19:57:21,124 - processor.data_processor - DEBUG - data_processor.py:85 - 文本清理: 239 -> 222 字符
2026-05-06 19:57:21,124 - processor.data_processor - DEBUG - data_processor.py:85 - 文本清理: 243 -> 233 字符
2026-05-06 19:57:21,124 - processor.data_processor - DEBUG - data_processor.py:85 - 文本清理: 269 -> 249 字符
2026-05-06 19:57:21,124 - processor.data_processor - DEBUG - data_processor.py:85 - 文本清理: 246 -> 229 字符
2026-05-06 19:57:21,124 - processor.data_processor - DEBUG - data_processor.py:85 - 文本清理: 407 -> 398 字符
2026-05-06 19:57:21,124 - processor.data_processor - DEBUG - data_processor.py:85 - 文本清理: 544 -> 537 字符
2026-05-06 19:57:21,124 - processor.data_processor - DEBUG - data_processor.py:85 - 文本清理: 758 -> 741 字符
2026-05-06 19:57:21,124 - processor.data_processor - DEBUG - data_processor.py:85 - 文本清理: 522 -> 510 字符
2026-05-06 19:57:21,124 - processor.data_processor - DEBUG - data_processor.py:85 - 文本清理: 774 -> 761 字符
2026-05-06 19:57:21,124 - processor.data_processor - DEBUG - data_processor.py:85 - 文本清理: 684 -> 668 字符
2026-05-06 19:57:21,124 - processor.data_processor - DEBUG - data_processor.py:85 - 文本清理: 606 -> 599 字符
2026-05-06 19:57:21,124 - processor.data_processor - DEBUG - data_processor.py:85 - 文本清理: 658 -> 655 字符
2026-05-06 19:57:21,125 - processor.data_processor - DEBUG - data_processor.py:85 - 文本清理: 591 -> 582 字符
2026-05-06 19:57:21,125 - processor.data_processor - DEBUG - data_processor.py:85 - 文本清理: 500 -> 494 字符
2026-05-06 19:57:21,125 - processor.data_processor - DEBUG - data_processor.py:85 - 文本清理: 636 -> 630 字符
2026-05-06 19:57:21,125 - processor.data_processor - DEBUG - data_processor.py:85 - 文本清理: 724 -> 713 字符
2026-05-06 19:57:21,125 - processor.data_processor - DEBUG - data_processor.py:85 - 文本清理: 767 -> 753 字符
2026-05-06 19:57:21,125 - processor.data_processor - DEBUG - data_processor.py:85 - 文本清理: 702 -> 688 字符
2026-05-06 19:57:21,125 - processor.data_processor - DEBUG - data_processor.py:85 - 文本清理: 526 -> 518 字符
2026-05-06 19:57:21,125 - processor.data_processor - DEBUG - data_processor.py:85 - 文本清理: 612 -> 588 字符
2026-05-06 19:57:21,127 - processor.data_processor - DEBUG - data_processor.py:85 - 文本清理: 481 -> 469 字符
2026-05-06 19:57:21,127 - processor.data_processor - DEBUG - data_processor.py:85 - 文本清理: 510 -> 501 字符
2026-05-06 19:57:21,127 - processor.data_processor - DEBUG - data_processor.py:85 - 文本清理: 685 -> 674 字符
2026-05-06 19:57:21,127 - processor.data_processor - DEBUG - data_processor.py:85 - 文本清理: 695 -> 690 字符
2026-05-06 19:57:21,127 - processor.data_processor - DEBUG - data_processor.py:85 - 文本清理: 610 -> 604 字符
2026-05-06 19:57:21,127 - processor.data_processor - DEBUG - data_processor.py:85 - 文本清理: 638 -> 632 字符
2026-05-06 19:57:21,127 - processor.data_processor - DEBUG - data_processor.py:85 - 文本清理: 665 -> 660 字符
2026-05-06 19:57:21,127 - processor.data_processor - DEBUG - data_processor.py:85 - 文本清理: 495 -> 490 字符
2026-05-06 19:57:21,128 - processor.data_processor - DEBUG - data_processor.py:85 - 文本清理: 398 -> 391 字符
2026-05-06 19:57:21,128 - processor.data_processor - DEBUG - data_processor.py:85 - 文本清理: 668 -> 659 字符
2026-05-06 19:57:21,128 - processor.data_processor - DEBUG - data_processor.py:85 - 文本清理: 617 -> 611 字符
2026-05-06 19:57:21,128 - processor.data_processor - DEBUG - data_processor.py:85 - 文本清理: 592 -> 575 字符
2026-05-06 19:57:21,128 - processor.data_processor - DEBUG - data_processor.py:85 - 文本清理: 476 -> 460 字符
2026-05-06 19:57:21,128 - processor.data_processor - DEBUG - data_processor.py:85 - 文本清理: 624 -> 612 字符
2026-05-06 19:57:21,128 - processor.data_processor - DEBUG - data_processor.py:85 - 文本清理: 654 -> 643 字符
2026-05-06 19:57:21,128 - processor.data_processor - DEBUG - data_processor.py:85 - 文本清理: 575 -> 564 字符
2026-05-06 19:57:21,128 - processor.data_processor - DEBUG - data_processor.py:85 - 文本清理: 625 -> 609 字符
2026-05-06 19:57:21,128 - processor.data_processor - DEBUG - data_processor.py:85 - 文本清理: 636 -> 618 字符
2026-05-06 19:57:21,129 - processor.data_processor - DEBUG - data_processor.py:85 - 文本清理: 624 -> 596 字符
2026-05-06 19:57:21,129 - processor.data_processor - DEBUG - data_processor.py:85 - 文本清理: 724 -> 693 字符
2026-05-06 19:57:21,129 - processor.data_processor - DEBUG - data_processor.py:85 - 文本清理: 680 -> 664 字符
2026-05-06 19:57:21,129 - processor.data_processor - DEBUG - data_processor.py:85 - 文本清理: 678 -> 667 字符
2026-05-06 19:57:21,129 - processor.data_processor - DEBUG - data_processor.py:85 - 文本清理: 745 -> 727 字符
2026-05-06 19:57:21,129 - processor.data_processor - DEBUG - data_processor.py:85 - 文本清理: 649 -> 621 字符
2026-05-06 19:57:21,129 - processor.data_processor - DEBUG - data_processor.py:85 - 文本清理: 843 -> 837 字符
2026-05-06 19:57:21,129 - processor.data_processor - DEBUG - data_processor.py:85 - 文本清理: 693 -> 686 字符
2026-05-06 19:57:21,129 - processor.data_processor - DEBUG - data_processor.py:85 - 文本清理: 745 -> 738 字符
2026-05-06 19:57:21,129 - processor.data_processor - DEBUG - data_processor.py:85 - 文本清理: 604 -> 583 字符
2026-05-06 19:57:21,129 - processor.data_processor - DEBUG - data_processor.py:85 - 文本清理: 679 -> 668 字符
2026-05-06 19:57:21,129 - processor.data_processor - DEBUG - data_processor.py:85 - 文本清理: 527 -> 510 字符
2026-05-06 19:57:21,130 - processor.data_processor - DEBUG - data_processor.py:85 - 文本清理: 802 -> 781 字符
2026-05-06 19:57:21,130 - processor.data_processor - DEBUG - data_processor.py:85 - 文本清理: 485 -> 480 字符
2026-05-06 19:57:21,130 - processor.data_processor - DEBUG - data_processor.py:85 - 文本清理: 478 -> 474 字符
2026-05-06 19:57:21,130 - processor.data_processor - DEBUG - data_processor.py:85 - 文本清理: 715 -> 703 字符
2026-05-06 19:57:21,130 - processor.data_processor - DEBUG - data_processor.py:85 - 文本清理: 791 -> 778 字符
2026-05-06 19:57:21,130 - processor.data_processor - DEBUG - data_processor.py:85 - 文本清理: 431 -> 420 字符
2026-05-06 19:57:21,130 - processor.data_processor - DEBUG - data_processor.py:85 - 文本清理: 566 -> 548 字符
2026-05-06 19:57:21,130 - processor.data_processor - DEBUG - data_processor.py:85 - 文本清理: 828 -> 824 字符
2026-05-06 19:57:21,130 - processor.data_processor - DEBUG - data_processor.py:85 - 文本清理: 676 -> 668 字符
2026-05-06 19:57:21,130 - processor.data_processor - DEBUG - data_processor.py:85 - 文本清理: 727 -> 722 字符
2026-05-06 19:57:21,132 - processor.data_processor - DEBUG - data_processor.py:85 - 文本清理: 449 -> 440 字符
2026-05-06 19:57:21,132 - processor.data_processor - DEBUG - data_processor.py:85 - 文本清理: 766 -> 755 字符
2026-05-06 19:57:21,132 - processor.data_processor - DEBUG - data_processor.py:85 - 文本清理: 531 -> 507 字符
2026-05-06 19:57:21,132 - processor.data_processor - DEBUG - data_processor.py:85 - 文本清理: 601 -> 593 字符
2026-05-06 19:57:21,132 - processor.data_processor - DEBUG - data_processor.py:85 - 文本清理: 675 -> 664 字符
2026-05-06 19:57:21,132 - processor.data_processor - DEBUG - data_processor.py:85 - 文本清理: 609 -> 597 字符
2026-05-06 19:57:21,132 - processor.data_processor - DEBUG - data_processor.py:85 - 文本清理: 477 -> 463 字符
2026-05-06 19:57:21,132 - processor.data_processor - DEBUG - data_processor.py:85 - 文本清理: 574 -> 564 字符
2026-05-06 19:57:21,132 - processor.data_processor - DEBUG - data_processor.py:85 - 文本清理: 691 -> 686 字符
2026-05-06 19:57:21,132 - processor.data_processor - DEBUG - data_processor.py:85 - 文本清理: 790 -> 771 字符
2026-05-06 19:57:21,132 - processor.data_processor - DEBUG - data_processor.py:85 - 文本清理: 689 -> 682 字符
2026-05-06 19:57:21,132 - processor.data_processor - DEBUG - data_processor.py:85 - 文本清理: 666 -> 656 字符
2026-05-06 19:57:21,133 - processor.data_processor - DEBUG - data_processor.py:85 - 文本清理: 653 -> 643 字符
2026-05-06 19:57:21,133 - processor.data_processor - DEBUG - data_processor.py:85 - 文本清理: 834 -> 829 字符
2026-05-06 19:57:21,133 - processor.data_processor - DEBUG - data_processor.py:85 - 文本清理: 704 -> 700 字符
2026-05-06 19:57:21,133 - processor.data_processor - DEBUG - data_processor.py:85 - 文本清理: 732 -> 726 字符
2026-05-06 19:57:21,133 - processor.data_processor - DEBUG - data_processor.py:85 - 文本清理: 659 -> 650 字符
2026-05-06 19:57:21,133 - processor.data_processor - DEBUG - data_processor.py:85 - 文本清理: 744 -> 735 字符
2026-05-06 19:57:21,133 - processor.data_processor - DEBUG - data_processor.py:85 - 文本清理: 617 -> 614 字符
2026-05-06 19:57:21,133 - processor.data_processor - DEBUG - data_processor.py:85 - 文本清理: 539 -> 532 字符
2026-05-06 19:57:21,133 - processor.data_processor - DEBUG - data_processor.py:85 - 文本清理: 578 -> 575 字符
2026-05-06 19:57:21,133 - processor.data_processor - DEBUG - data_processor.py:85 - 文本清理: 753 -> 747 字符
2026-05-06 19:57:21,133 - processor.data_processor - DEBUG - data_processor.py:85 - 文本清理: 672 -> 662 字符
2026-05-06 19:57:21,133 - processor.data_processor - DEBUG - data_processor.py:85 - 文本清理: 769 -> 759 字符
2026-05-06 19:57:21,134 - processor.data_processor - DEBUG - data_processor.py:85 - 文本清理: 758 -> 755 字符
2026-05-06 19:57:21,134 - processor.data_processor - DEBUG - data_processor.py:85 - 文本清理: 644 -> 631 字符
2026-05-06 19:57:21,134 - processor.data_processor - DEBUG - data_processor.py:85 - 文本清理: 786 -> 775 字符
2026-05-06 19:57:21,134 - processor.data_processor - DEBUG - data_processor.py:85 - 文本清理: 836 -> 830 字符
2026-05-06 19:57:21,134 - processor.data_processor - DEBUG - data_processor.py:85 - 文本清理: 893 -> 883 字符
2026-05-06 19:57:21,134 - processor.data_processor - DEBUG - data_processor.py:85 - 文本清理: 819 -> 816 字符
2026-05-06 19:57:21,134 - processor.data_processor - DEBUG - data_processor.py:85 - 文本清理: 725 -> 717 字符
2026-05-06 19:57:21,134 - processor.data_processor - DEBUG - data_processor.py:85 - 文本清理: 721 -> 707 字符
2026-05-06 19:57:21,134 - processor.data_processor - DEBUG - data_processor.py:85 - 文本清理: 639 -> 626 字符
2026-05-06 19:57:21,134 - processor.data_processor - DEBUG - data_processor.py:85 - 文本清理: 605 -> 594 字符
2026-05-06 19:57:21,134 - processor.data_processor - DEBUG - data_processor.py:85 - 文本清理: 681 -> 674 字符
2026-05-06 19:57:21,134 - processor.data_processor - DEBUG - data_processor.py:85 - 文本清理: 663 -> 655 字符
2026-05-06 19:57:21,136 - processor.data_processor - DEBUG - data_processor.py:85 - 文本清理: 652 -> 646 字符
2026-05-06 19:57:21,136 - processor.data_processor - DEBUG - data_processor.py:85 - 文本清理: 769 -> 766 字符
2026-05-06 19:57:21,136 - processor.data_processor - DEBUG - data_processor.py:85 - 文本清理: 655 -> 645 字符
2026-05-06 19:57:21,136 - processor.data_processor - DEBUG - data_processor.py:85 - 文本清理: 739 -> 734 字符
2026-05-06 19:57:21,136 - processor.data_processor - DEBUG - data_processor.py:85 - 文本清理: 745 -> 739 字符
2026-05-06 19:57:21,136 - processor.data_processor - DEBUG - data_processor.py:85 - 文本清理: 707 -> 695 字符
2026-05-06 19:57:21,136 - processor.data_processor - DEBUG - data_processor.py:85 - 文本清理: 674 -> 667 字符
2026-05-06 19:57:21,136 - processor.data_processor - DEBUG - data_processor.py:85 - 文本清理: 665 -> 655 字符
2026-05-06 19:57:21,137 - processor.data_processor - DEBUG - data_processor.py:85 - 文本清理: 790 -> 779 字符
2026-05-06 19:57:21,137 - processor.data_processor - DEBUG - data_processor.py:85 - 文本清理: 821 -> 811 字符
2026-05-06 19:57:21,137 - processor.data_processor - DEBUG - data_processor.py:85 - 文本清理: 618 -> 605 字符
2026-05-06 19:57:21,137 - processor.data_processor - DEBUG - data_processor.py:85 - 文本清理: 725 -> 718 字符
2026-05-06 19:57:21,137 - processor.data_processor - DEBUG - data_processor.py:85 - 文本清理: 734 -> 715 字符
2026-05-06 19:57:21,137 - processor.data_processor - DEBUG - data_processor.py:85 - 文本清理: 858 -> 824 字符
2026-05-06 19:57:21,138 - processor.data_processor - DEBUG - data_processor.py:85 - 文本清理: 672 -> 657 字符
2026-05-06 19:57:21,138 - processor.data_processor - DEBUG - data_processor.py:85 - 文本清理: 782 -> 768 字符
2026-05-06 19:57:21,138 - processor.data_processor - DEBUG - data_processor.py:85 - 文本清理: 663 -> 645 字符
2026-05-06 19:57:21,138 - processor.data_processor - DEBUG - data_processor.py:85 - 文本清理: 868 -> 854 字符
2026-05-06 19:57:21,138 - processor.data_processor - DEBUG - data_processor.py:85 - 文本清理: 618 -> 608 字符
2026-05-06 19:57:21,138 - processor.data_processor - DEBUG - data_processor.py:85 - 文本清理: 788 -> 765 字符
2026-05-06 19:57:21,139 - processor.data_processor - DEBUG - data_processor.py:85 - 文本清理: 751 -> 743 字符
2026-05-06 19:57:21,139 - processor.data_processor - DEBUG - data_processor.py:85 - 文本清理: 749 -> 737 字符
2026-05-06 19:57:21,139 - processor.data_processor - DEBUG - data_processor.py:85 - 文本清理: 786 -> 777 字符
2026-05-06 19:57:21,139 - processor.data_processor - DEBUG - data_processor.py:85 - 文本清理: 740 -> 728 字符
2026-05-06 19:57:21,139 - processor.data_processor - DEBUG - data_processor.py:85 - 文本清理: 732 -> 726 字符
2026-05-06 19:57:21,139 - processor.data_processor - DEBUG - data_processor.py:85 - 文本清理: 701 -> 696 字符
2026-05-06 19:57:21,139 - processor.data_processor - DEBUG - data_processor.py:85 - 文本清理: 680 -> 667 字符
2026-05-06 19:57:21,139 - processor.data_processor - DEBUG - data_processor.py:85 - 文本清理: 555 -> 540 字符
2026-05-06 19:57:21,139 - processor.data_processor - DEBUG - data_processor.py:85 - 文本清理: 765 -> 758 字符
2026-05-06 19:57:21,139 - processor.data_processor - DEBUG - data_processor.py:85 - 文本清理: 839 -> 836 字符
2026-05-06 19:57:21,139 - processor.data_processor - DEBUG - data_processor.py:85 - 文本清理: 776 -> 761 字符
2026-05-06 19:57:21,140 - processor.data_processor - DEBUG - data_processor.py:85 - 文本清理: 776 -> 753 字符
2026-05-06 19:57:21,140 - processor.data_processor - DEBUG - data_processor.py:85 - 文本清理: 756 -> 745 字符
2026-05-06 19:57:21,140 - processor.data_processor - DEBUG - data_processor.py:85 - 文本清理: 712 -> 708 字符
2026-05-06 19:57:21,140 - processor.data_processor - DEBUG - data_processor.py:85 - 文本清理: 712 -> 708 字符
2026-05-06 19:57:21,140 - processor.data_processor - DEBUG - data_processor.py:85 - 文本清理: 666 -> 658 字符
2026-05-06 19:57:21,140 - processor.data_processor - DEBUG - data_processor.py:85 - 文本清理: 662 -> 658 字符
2026-05-06 19:57:21,140 - processor.data_processor - DEBUG - data_processor.py:85 - 文本清理: 574 -> 568 字符
2026-05-06 19:57:21,141 - processor.data_processor - DEBUG - data_processor.py:85 - 文本清理: 796 -> 760 字符
2026-05-06 19:57:21,141 - processor.data_processor - DEBUG - data_processor.py:85 - 文本清理: 718 -> 698 字符
2026-05-06 19:57:21,141 - processor.data_processor - DEBUG - data_processor.py:85 - 文本清理: 630 -> 608 字符
2026-05-06 19:57:21,141 - processor.data_processor - DEBUG - data_processor.py:85 - 文本清理: 626 -> 594 字符
2026-05-06 19:57:21,141 - processor.data_processor - DEBUG - data_processor.py:85 - 文本清理: 609 -> 598 字符
2026-05-06 19:57:21,141 - processor.data_processor - DEBUG - data_processor.py:85 - 文本清理: 661 -> 647 字符
2026-05-06 19:57:21,141 - processor.data_processor - DEBUG - data_processor.py:85 - 文本清理: 554 -> 520 字符
2026-05-06 19:57:21,141 - processor.data_processor - DEBUG - data_processor.py:85 - 文本清理: 645 -> 632 字符
2026-05-06 19:57:21,141 - processor.data_processor - DEBUG - data_processor.py:85 - 文本清理: 574 -> 554 字符
2026-05-06 19:57:21,142 - processor.data_processor - DEBUG - data_processor.py:85 - 文本清理: 563 -> 560 字符
2026-05-06 19:57:21,142 - processor.data_processor - DEBUG - data_processor.py:85 - 文本清理: 541 -> 530 字符
2026-05-06 19:57:21,142 - processor.data_processor - DEBUG - data_processor.py:85 - 文本清理: 704 -> 693 字符
2026-05-06 19:57:21,142 - processor.data_processor - DEBUG - data_processor.py:85 - 文本清理: 678 -> 663 字符
2026-05-06 19:57:21,142 - processor.data_processor - DEBUG - data_processor.py:85 - 文本清理: 596 -> 588 字符
2026-05-06 19:57:21,142 - processor.data_processor - DEBUG - data_processor.py:85 - 文本清理: 709 -> 701 字符
2026-05-06 19:57:21,142 - processor.data_processor - DEBUG - data_processor.py:85 - 文本清理: 527 -> 516 字符
2026-05-06 19:57:21,142 - processor.data_processor - DEBUG - data_processor.py:85 - 文本清理: 596 -> 588 字符
2026-05-06 19:57:21,142 - processor.data_processor - DEBUG - data_processor.py:85 - 文本清理: 702 -> 691 字符
2026-05-06 19:57:21,142 - processor.data_processor - DEBUG - data_processor.py:85 - 文本清理: 596 -> 587 字符
2026-05-06 19:57:21,142 - processor.data_processor - DEBUG - data_processor.py:85 - 文本清理: 673 -> 666 字符
2026-05-06 19:57:21,144 - processor.data_processor - DEBUG - data_processor.py:85 - 文本清理: 563 -> 550 字符
2026-05-06 19:57:21,144 - processor.data_processor - DEBUG - data_processor.py:85 - 文本清理: 598 -> 589 字符
2026-05-06 19:57:21,144 - processor.data_processor - DEBUG - data_processor.py:85 - 文本清理: 626 -> 609 字符
2026-05-06 19:57:21,144 - processor.data_processor - DEBUG - data_processor.py:85 - 文本清理: 565 -> 559 字符
2026-05-06 19:57:21,144 - processor.data_processor - DEBUG - data_processor.py:85 - 文本清理: 654 -> 647 字符
2026-05-06 19:57:21,144 - processor.data_processor - DEBUG - data_processor.py:85 - 文本清理: 617 -> 612 字符
2026-05-06 19:57:21,144 - processor.data_processor - DEBUG - data_processor.py:85 - 文本清理: 733 -> 722 字符
2026-05-06 19:57:21,144 - processor.data_processor - DEBUG - data_processor.py:85 - 文本清理: 765 -> 756 字符
2026-05-06 19:57:21,144 - processor.data_processor - DEBUG - data_processor.py:85 - 文本清理: 716 -> 709 字符
2026-05-06 19:57:21,144 - processor.data_processor - DEBUG - data_processor.py:85 - 文本清理: 914 -> 907 字符
2026-05-06 19:57:21,144 - processor.data_processor - DEBUG - data_processor.py:85 - 文本清理: 761 -> 737 字符
2026-05-06 19:57:21,145 - processor.data_processor - DEBUG - data_processor.py:85 - 文本清理: 717 -> 700 字符
2026-05-06 19:57:21,145 - processor.data_processor - DEBUG - data_processor.py:85 - 文本清理: 810 -> 800 字符
2026-05-06 19:57:21,145 - processor.data_processor - DEBUG - data_processor.py:85 - 文本清理: 740 -> 724 字符
2026-05-06 19:57:21,145 - processor.data_processor - DEBUG - data_processor.py:85 - 文本清理: 657 -> 638 字符
2026-05-06 19:57:21,145 - processor.data_processor - DEBUG - data_processor.py:85 - 文本清理: 688 -> 676 字符
2026-05-06 19:57:21,145 - processor.data_processor - DEBUG - data_processor.py:85 - 文本清理: 819 -> 810 字符
2026-05-06 19:57:21,145 - processor.data_processor - DEBUG - data_processor.py:85 - 文本清理: 796 -> 776 字符
2026-05-06 19:57:21,145 - processor.data_processor - DEBUG - data_processor.py:85 - 文本清理: 445 -> 410 字符
2026-05-06 19:57:21,147 - processor.data_processor - INFO - data_processor.py:352 - 为文件 中华人民共和国民法典_20200528.docx 选择策略: 法律条文策略
2026-05-06 19:57:21,147 - processor.data_processor - INFO - data_processor.py:376 -   分块参数: chunk_size=900, overlap=150
2026-05-06 19:57:21,156 - processor.data_processor - INFO - data_processor.py:477 -   文件处理完成: 175 段 -> 176 个块
2026-05-06 19:57:21,156 - processor.data_processor - INFO - data_processor.py:352 - 为文件 中华人民共和国民法典_20200528.docx 选择策略: 法律条文策略
2026-05-06 19:57:21,156 - processor.data_processor - INFO - data_processor.py:407 - 
所有文件处理完成: 共 660 个块
2026-05-06 19:57:21,158 - processor.data_processor - INFO - data_processor.py:513 - 数据预览已保存到: knowledge_base_preview.json
2026-05-06 19:57:21,158 - langchain_community.vectorstores.milvus - DEBUG - milvus.py:281 - Using previous connection: default
2026-05-06 19:57:26,772 - datasets - DEBUG - config.py:54 - PyTorch version 2.11.0+cu128 available.
2026-05-06 19:57:27,380 - asyncio - DEBUG - selector_events.py:54 - Using selector: SelectSelector
2026-05-06 19:57:27,403 - main - INFO - main.py:79 - ==================================================
2026-05-06 19:57:27,403 - main - INFO - main.py:80 - 启动 RAG 角色扮演系统
2026-05-06 19:57:27,403 - main - INFO - main.py:81 - ==================================================
2026-05-06 19:57:27,407 - storage.mysql_client - INFO - mysql_client.py:54 - MySQL 连接成功: localhost:3306/rag_chatbot
2026-05-06 19:57:27,411 - storage.redis_client - INFO - redis_client.py:51 - Redis 连接成功: localhost:6379
2026-05-06 19:57:27,466 - storage.milvus_client - INFO - milvus_client.py:51 - Milvus 连接成功: localhost:19530
2026-05-06 19:57:27,467 - main - INFO - main.py:88 - 所有服务连接成功
2026-05-06 19:57:27,480 - main - INFO - main.py:40 - 加载 Embedding 模型: F:\4--专业所有安装的软件及改动设置\2-6--专高6\bge-m3
2026-05-06 19:57:27,482 - sentence_transformers.base.model - INFO - model.py:177 - No device provided, using cuda:0
2026-05-06 19:57:27,483 - sentence_transformers.base.model - INFO - model.py:973 - Loading SentenceTransformer model from F:\4--专业所有安装的软件及改动设置\2-6--专高6\bge-m3.
2026-05-06 19:57:28,635 - sentence_transformers.base.modules.transformer - DEBUG - transformer.py:728 - Active modality config: {'text': {'method': 'forward', 'method_output_name': 'last_hidden_state'}}
2026-05-06 19:57:29,733 - main - INFO - main.py:56 - 正在加载知识库...
2026-05-06 19:57:29,733 - processor.data_processor - INFO - data_processor.py:140 - 加载文件: 中国心力衰竭诊断和治疗指南2024.pdf
2026-05-06 19:57:29,841 - processor.advanced_parser - INFO - advanced_parser.py:48 - [Fitz] 解析成功: 中国心力衰竭诊断和治疗指南2024.pdf, 41页
2026-05-06 19:57:29,841 - processor.data_processor - INFO - data_processor.py:142 -   提取 41 段文本
2026-05-06 19:57:29,841 - processor.data_processor - INFO - data_processor.py:140 - 加载文件: 中国肺动脉高压诊断与治疗指南（2021版）.pdf
2026-05-06 19:57:30,002 - processor.advanced_parser - INFO - advanced_parser.py:48 - [Fitz] 解析成功: 中国肺动脉高压诊断与治疗指南（2021版）.pdf, 41页
2026-05-06 19:57:30,002 - processor.data_processor - INFO - data_processor.py:142 -   提取 41 段文本
2026-05-06 19:57:30,002 - processor.data_processor - INFO - data_processor.py:140 - 加载文件: 高血压基层医防融合服务规范.pdf
2026-05-06 19:57:30,056 - processor.advanced_parser - INFO - advanced_parser.py:48 - [Fitz] 解析成功: 高血压基层医防融合服务规范.pdf, 7页
2026-05-06 19:57:30,056 - processor.data_processor - INFO - data_processor.py:142 -   提取 7 段文本
2026-05-06 19:57:30,056 - processor.data_processor - INFO - data_processor.py:140 - 加载文件: 中华人民共和国民法典_20200528.docx
2026-05-06 19:57:30,216 - processor.advanced_parser - INFO - advanced_parser.py:48 - [Fitz] 解析成功: 中华人民共和国民法典_20200528.docx, 175页
2026-05-06 19:57:30,216 - processor.data_processor - INFO - data_processor.py:142 -   提取 175 段文本
2026-05-06 19:57:30,217 - processor.data_processor - INFO - data_processor.py:165 - 目录加载完成: 共加载 4 个文件
2026-05-06 19:57:30,217 - processor.data_processor - INFO - data_processor.py:399 - 
处理文件: 中国心力衰竭诊断和治疗指南2024.pdf
2026-05-06 19:57:30,217 - processor.data_processor - INFO - data_processor.py:352 - 为文件 中国心力衰竭诊断和治疗指南2024.pdf 选择策略: 医疗指南策略
2026-05-06 19:57:30,221 - processor.data_processor - DEBUG - data_processor.py:85 - 文本清理: 1922 -> 1865 字符
2026-05-06 19:57:30,221 - processor.data_processor - DEBUG - data_processor.py:85 - 文本清理: 2165 -> 2073 字符
2026-05-06 19:57:30,221 - processor.data_processor - DEBUG - data_processor.py:85 - 文本清理: 2235 -> 2128 字符
2026-05-06 19:57:30,221 - processor.data_processor - DEBUG - data_processor.py:85 - 文本清理: 1672 -> 1561 字符
2026-05-06 19:57:30,222 - processor.data_processor - DEBUG - data_processor.py:85 - 文本清理: 1790 -> 1335 字符
2026-05-06 19:57:30,222 - processor.data_processor - DEBUG - data_processor.py:85 - 文本清理: 2267 -> 2162 字符
2026-05-06 19:57:30,222 - processor.data_processor - DEBUG - data_processor.py:85 - 文本清理: 2121 -> 2019 字符
2026-05-06 19:57:30,222 - processor.data_processor - DEBUG - data_processor.py:85 - 文本清理: 1787 -> 1741 字符
2026-05-06 19:57:30,222 - processor.data_processor - DEBUG - data_processor.py:85 - 文本清理: 2365 -> 2302 字符
2026-05-06 19:57:30,222 - processor.data_processor - DEBUG - data_processor.py:85 - 文本清理: 2082 -> 2019 字符
2026-05-06 19:57:30,223 - processor.data_processor - DEBUG - data_processor.py:85 - 文本清理: 2237 -> 2166 字符
2026-05-06 19:57:30,223 - processor.data_processor - DEBUG - data_processor.py:85 - 文本清理: 2189 -> 2106 字符
2026-05-06 19:57:30,223 - processor.data_processor - DEBUG - data_processor.py:85 - 文本清理: 2286 -> 2195 字符
2026-05-06 19:57:30,223 - processor.data_processor - DEBUG - data_processor.py:85 - 文本清理: 2047 -> 1706 字符
2026-05-06 19:57:30,223 - processor.data_processor - DEBUG - data_processor.py:85 - 文本清理: 2009 -> 1909 字符
2026-05-06 19:57:30,224 - processor.data_processor - DEBUG - data_processor.py:85 - 文本清理: 1861 -> 1777 字符
2026-05-06 19:57:30,224 - processor.data_processor - DEBUG - data_processor.py:85 - 文本清理: 2083 -> 1981 字符
2026-05-06 19:57:30,224 - processor.data_processor - DEBUG - data_processor.py:85 - 文本清理: 1655 -> 1361 字符
2026-05-06 19:57:30,224 - processor.data_processor - DEBUG - data_processor.py:85 - 文本清理: 2166 -> 2097 字符
2026-05-06 19:57:30,225 - processor.data_processor - DEBUG - data_processor.py:85 - 文本清理: 1960 -> 1850 字符
2026-05-06 19:57:30,225 - processor.data_processor - DEBUG - data_processor.py:85 - 文本清理: 2158 -> 2102 字符
2026-05-06 19:57:30,225 - processor.data_processor - DEBUG - data_processor.py:85 - 文本清理: 2043 -> 1957 字符
2026-05-06 19:57:30,225 - processor.data_processor - DEBUG - data_processor.py:85 - 文本清理: 1926 -> 1453 字符
2026-05-06 19:57:30,225 - processor.data_processor - DEBUG - data_processor.py:85 - 文本清理: 1738 -> 1671 字符
2026-05-06 19:57:30,225 - processor.data_processor - DEBUG - data_processor.py:85 - 文本清理: 1936 -> 1597 字符
2026-05-06 19:57:30,225 - processor.data_processor - DEBUG - data_processor.py:85 - 文本清理: 2177 -> 2090 字符
2026-05-06 19:57:30,225 - processor.data_processor - DEBUG - data_processor.py:85 - 文本清理: 2152 -> 2066 字符
2026-05-06 19:57:30,225 - processor.data_processor - DEBUG - data_processor.py:85 - 文本清理: 1503 -> 1443 字符
2026-05-06 19:57:30,225 - processor.data_processor - DEBUG - data_processor.py:85 - 文本清理: 2181 -> 2095 字符
2026-05-06 19:57:30,226 - processor.data_processor - DEBUG - data_processor.py:85 - 文本清理: 2026 -> 1950 字符
2026-05-06 19:57:30,226 - processor.data_processor - DEBUG - data_processor.py:85 - 文本清理: 1992 -> 1932 字符
2026-05-06 19:57:30,226 - processor.data_processor - DEBUG - data_processor.py:85 - 文本清理: 2080 -> 2009 字符
2026-05-06 19:57:30,226 - processor.data_processor - DEBUG - data_processor.py:85 - 文本清理: 4022 -> 3858 字符
2026-05-06 19:57:30,226 - processor.data_processor - DEBUG - data_processor.py:85 - 文本清理: 6078 -> 5716 字符
2026-05-06 19:57:30,227 - processor.data_processor - DEBUG - data_processor.py:85 - 文本清理: 6207 -> 5864 字符
2026-05-06 19:57:30,227 - processor.data_processor - DEBUG - data_processor.py:85 - 文本清理: 6272 -> 5922 字符
2026-05-06 19:57:30,227 - processor.data_processor - DEBUG - data_processor.py:85 - 文本清理: 6256 -> 5900 字符
2026-05-06 19:57:30,228 - processor.data_processor - DEBUG - data_processor.py:85 - 文本清理: 6122 -> 5775 字符
2026-05-06 19:57:30,228 - processor.data_processor - DEBUG - data_processor.py:85 - 文本清理: 6125 -> 5823 字符
2026-05-06 19:57:30,228 - processor.data_processor - DEBUG - data_processor.py:85 - 文本清理: 5868 -> 5558 字符
2026-05-06 19:57:30,229 - processor.data_processor - DEBUG - data_processor.py:85 - 文本清理: 3239 -> 3049 字符
2026-05-06 19:57:30,231 - processor.data_processor - INFO - data_processor.py:352 - 为文件 中国心力衰竭诊断和治疗指南2024.pdf 选择策略: 医疗指南策略
2026-05-06 19:57:30,231 - processor.data_processor - INFO - data_processor.py:376 -   分块参数: chunk_size=700, overlap=100
2026-05-06 19:57:30,250 - processor.data_processor - INFO - data_processor.py:477 -   文件处理完成: 41 段 -> 213 个块
2026-05-06 19:57:30,250 - processor.data_processor - INFO - data_processor.py:352 - 为文件 中国心力衰竭诊断和治疗指南2024.pdf 选择策略: 医疗指南策略
2026-05-06 19:57:30,250 - processor.data_processor - INFO - data_processor.py:399 - 
处理文件: 中国肺动脉高压诊断与治疗指南（2021版）.pdf
2026-05-06 19:57:30,250 - processor.data_processor - INFO - data_processor.py:352 - 为文件 中国肺动脉高压诊断与治疗指南（2021版）.pdf 选择策略: 医疗指南策略
2026-05-06 19:57:30,253 - processor.data_processor - DEBUG - data_processor.py:85 - 文本清理: 1514 -> 1483 字符
2026-05-06 19:57:30,253 - processor.data_processor - DEBUG - data_processor.py:85 - 文本清理: 2332 -> 2242 字符
2026-05-06 19:57:30,253 - processor.data_processor - DEBUG - data_processor.py:85 - 文本清理: 1561 -> 1524 字符
2026-05-06 19:57:30,253 - processor.data_processor - DEBUG - data_processor.py:85 - 文本清理: 3023 -> 2918 字符
2026-05-06 19:57:30,254 - processor.data_processor - DEBUG - data_processor.py:85 - 文本清理: 1901 -> 1867 字符
2026-05-06 19:57:30,254 - processor.data_processor - DEBUG - data_processor.py:85 - 文本清理: 2498 -> 2356 字符
2026-05-06 19:57:30,254 - processor.data_processor - DEBUG - data_processor.py:85 - 文本清理: 2204 -> 2081 字符
2026-05-06 19:57:30,254 - processor.data_processor - DEBUG - data_processor.py:85 - 文本清理: 2033 -> 1984 字符
2026-05-06 19:57:30,254 - processor.data_processor - DEBUG - data_processor.py:85 - 文本清理: 2033 -> 1965 字符
2026-05-06 19:57:30,254 - processor.data_processor - DEBUG - data_processor.py:85 - 文本清理: 1899 -> 1844 字符
2026-05-06 19:57:30,255 - processor.data_processor - DEBUG - data_processor.py:85 - 文本清理: 1517 -> 1468 字符
2026-05-06 19:57:30,255 - processor.data_processor - DEBUG - data_processor.py:85 - 文本清理: 2163 -> 2054 字符
2026-05-06 19:57:30,255 - processor.data_processor - DEBUG - data_processor.py:85 - 文本清理: 2157 -> 2072 字符
2026-05-06 19:57:30,255 - processor.data_processor - DEBUG - data_processor.py:85 - 文本清理: 2074 -> 2012 字符
2026-05-06 19:57:30,255 - processor.data_processor - DEBUG - data_processor.py:85 - 文本清理: 2250 -> 2170 字符
2026-05-06 19:57:30,255 - processor.data_processor - DEBUG - data_processor.py:85 - 文本清理: 2218 -> 2144 字符
2026-05-06 19:57:30,256 - processor.data_processor - DEBUG - data_processor.py:85 - 文本清理: 1854 -> 1761 字符
2026-05-06 19:57:30,256 - processor.data_processor - DEBUG - data_processor.py:85 - 文本清理: 2043 -> 1933 字符
2026-05-06 19:57:30,256 - processor.data_processor - DEBUG - data_processor.py:85 - 文本清理: 1684 -> 1640 字符
2026-05-06 19:57:30,256 - processor.data_processor - DEBUG - data_processor.py:85 - 文本清理: 2160 -> 2097 字符
2026-05-06 19:57:30,256 - processor.data_processor - DEBUG - data_processor.py:85 - 文本清理: 2108 -> 2048 字符
2026-05-06 19:57:30,256 - processor.data_processor - DEBUG - data_processor.py:85 - 文本清理: 2151 -> 2091 字符
2026-05-06 19:57:30,256 - processor.data_processor - DEBUG - data_processor.py:85 - 文本清理: 2033 -> 1993 字符
2026-05-06 19:57:30,257 - processor.data_processor - DEBUG - data_processor.py:85 - 文本清理: 2014 -> 1962 字符
2026-05-06 19:57:30,257 - processor.data_processor - DEBUG - data_processor.py:85 - 文本清理: 2014 -> 1958 字符
2026-05-06 19:57:30,257 - processor.data_processor - DEBUG - data_processor.py:85 - 文本清理: 1925 -> 1874 字符
2026-05-06 19:57:30,257 - processor.data_processor - DEBUG - data_processor.py:85 - 文本清理: 1749 -> 1707 字符
2026-05-06 19:57:30,257 - processor.data_processor - DEBUG - data_processor.py:85 - 文本清理: 2050 -> 2005 字符
2026-05-06 19:57:30,257 - processor.data_processor - DEBUG - data_processor.py:85 - 文本清理: 2255 -> 2206 字符
2026-05-06 19:57:30,257 - processor.data_processor - DEBUG - data_processor.py:85 - 文本清理: 2770 -> 2729 字符
2026-05-06 19:57:30,258 - processor.data_processor - DEBUG - data_processor.py:85 - 文本清理: 5947 -> 5738 字符
2026-05-06 19:57:30,258 - processor.data_processor - DEBUG - data_processor.py:85 - 文本清理: 5572 -> 5342 字符
2026-05-06 19:57:30,258 - processor.data_processor - DEBUG - data_processor.py:85 - 文本清理: 6023 -> 5783 字符
2026-05-06 19:57:30,259 - processor.data_processor - DEBUG - data_processor.py:85 - 文本清理: 6000 -> 5793 字符
2026-05-06 19:57:30,259 - processor.data_processor - DEBUG - data_processor.py:85 - 文本清理: 6215 -> 6000 字符
2026-05-06 19:57:30,259 - processor.data_processor - DEBUG - data_processor.py:85 - 文本清理: 5958 -> 5737 字符
2026-05-06 19:57:30,259 - processor.data_processor - DEBUG - data_processor.py:85 - 文本清理: 6281 -> 6047 字符
2026-05-06 19:57:30,260 - processor.data_processor - DEBUG - data_processor.py:85 - 文本清理: 6028 -> 5799 字符
2026-05-06 19:57:30,260 - processor.data_processor - DEBUG - data_processor.py:85 - 文本清理: 6148 -> 5927 字符
2026-05-06 19:57:30,260 - processor.data_processor - DEBUG - data_processor.py:85 - 文本清理: 5982 -> 5763 字符
2026-05-06 19:57:30,261 - processor.data_processor - DEBUG - data_processor.py:85 - 文本清理: 2160 -> 2095 字符
2026-05-06 19:57:30,262 - processor.data_processor - INFO - data_processor.py:352 - 为文件 中国肺动脉高压诊断与治疗指南（2021版）.pdf 选择策略: 医疗指南策略
2026-05-06 19:57:30,262 - processor.data_processor - INFO - data_processor.py:376 -   分块参数: chunk_size=700, overlap=100
2026-05-06 19:57:30,280 - processor.data_processor - INFO - data_processor.py:477 -   文件处理完成: 41 段 -> 239 个块
2026-05-06 19:57:30,280 - processor.data_processor - INFO - data_processor.py:352 - 为文件 中国肺动脉高压诊断与治疗指南（2021版）.pdf 选择策略: 医疗指南策略
2026-05-06 19:57:30,280 - processor.data_processor - INFO - data_processor.py:399 - 
处理文件: 高血压基层医防融合服务规范.pdf
2026-05-06 19:57:30,281 - processor.data_processor - INFO - data_processor.py:352 - 为文件 高血压基层医防融合服务规范.pdf 选择策略: 医疗指南策略
2026-05-06 19:57:30,281 - processor.data_processor - DEBUG - data_processor.py:85 - 文本清理: 3201 -> 3165 字符
2026-05-06 19:57:30,281 - processor.data_processor - DEBUG - data_processor.py:85 - 文本清理: 1966 -> 1895 字符
2026-05-06 19:57:30,281 - processor.data_processor - DEBUG - data_processor.py:85 - 文本清理: 2314 -> 2232 字符
2026-05-06 19:57:30,281 - processor.data_processor - DEBUG - data_processor.py:85 - 文本清理: 2194 -> 2131 字符
2026-05-06 19:57:30,282 - processor.data_processor - DEBUG - data_processor.py:85 - 文本清理: 1769 -> 1731 字符
2026-05-06 19:57:30,282 - processor.data_processor - DEBUG - data_processor.py:85 - 文本清理: 1451 -> 1432 字符
2026-05-06 19:57:30,282 - processor.data_processor - DEBUG - data_processor.py:85 - 文本清理: 3298 -> 3168 字符
2026-05-06 19:57:30,282 - processor.data_processor - INFO - data_processor.py:352 - 为文件 高血压基层医防融合服务规范.pdf 选择策略: 医疗指南策略
2026-05-06 19:57:30,282 - processor.data_processor - INFO - data_processor.py:376 -   分块参数: chunk_size=700, overlap=100
2026-05-06 19:57:30,286 - processor.data_processor - INFO - data_processor.py:477 -   文件处理完成: 7 段 -> 32 个块
2026-05-06 19:57:30,286 - processor.data_processor - INFO - data_processor.py:352 - 为文件 高血压基层医防融合服务规范.pdf 选择策略: 医疗指南策略
2026-05-06 19:57:30,286 - processor.data_processor - INFO - data_processor.py:399 - 
处理文件: 中华人民共和国民法典_20200528.docx
2026-05-06 19:57:30,286 - processor.data_processor - INFO - data_processor.py:352 - 为文件 中华人民共和国民法典_20200528.docx 选择策略: 法律条文策略
2026-05-06 19:57:30,287 - processor.data_processor - DEBUG - data_processor.py:85 - 文本清理: 253 -> 226 字符
2026-05-06 19:57:30,288 - processor.data_processor - DEBUG - data_processor.py:85 - 文本清理: 268 -> 243 字符
2026-05-06 19:57:30,288 - processor.data_processor - DEBUG - data_processor.py:85 - 文本清理: 239 -> 222 字符
2026-05-06 19:57:30,288 - processor.data_processor - DEBUG - data_processor.py:85 - 文本清理: 243 -> 233 字符
2026-05-06 19:57:30,288 - processor.data_processor - DEBUG - data_processor.py:85 - 文本清理: 269 -> 249 字符
2026-05-06 19:57:30,288 - processor.data_processor - DEBUG - data_processor.py:85 - 文本清理: 246 -> 229 字符
2026-05-06 19:57:30,288 - processor.data_processor - DEBUG - data_processor.py:85 - 文本清理: 407 -> 398 字符
2026-05-06 19:57:30,288 - processor.data_processor - DEBUG - data_processor.py:85 - 文本清理: 544 -> 537 字符
2026-05-06 19:57:30,288 - processor.data_processor - DEBUG - data_processor.py:85 - 文本清理: 758 -> 741 字符
2026-05-06 19:57:30,288 - processor.data_processor - DEBUG - data_processor.py:85 - 文本清理: 522 -> 510 字符
2026-05-06 19:57:30,289 - processor.data_processor - DEBUG - data_processor.py:85 - 文本清理: 774 -> 761 字符
2026-05-06 19:57:30,289 - processor.data_processor - DEBUG - data_processor.py:85 - 文本清理: 684 -> 668 字符
2026-05-06 19:57:30,289 - processor.data_processor - DEBUG - data_processor.py:85 - 文本清理: 606 -> 599 字符
2026-05-06 19:57:30,289 - processor.data_processor - DEBUG - data_processor.py:85 - 文本清理: 658 -> 655 字符
2026-05-06 19:57:30,289 - processor.data_processor - DEBUG - data_processor.py:85 - 文本清理: 591 -> 582 字符
2026-05-06 19:57:30,289 - processor.data_processor - DEBUG - data_processor.py:85 - 文本清理: 500 -> 494 字符
2026-05-06 19:57:30,289 - processor.data_processor - DEBUG - data_processor.py:85 - 文本清理: 636 -> 630 字符
2026-05-06 19:57:30,289 - processor.data_processor - DEBUG - data_processor.py:85 - 文本清理: 724 -> 713 字符
2026-05-06 19:57:30,289 - processor.data_processor - DEBUG - data_processor.py:85 - 文本清理: 767 -> 753 字符
2026-05-06 19:57:30,289 - processor.data_processor - DEBUG - data_processor.py:85 - 文本清理: 702 -> 688 字符
2026-05-06 19:57:30,290 - processor.data_processor - DEBUG - data_processor.py:85 - 文本清理: 526 -> 518 字符
2026-05-06 19:57:30,290 - processor.data_processor - DEBUG - data_processor.py:85 - 文本清理: 612 -> 588 字符
2026-05-06 19:57:30,290 - processor.data_processor - DEBUG - data_processor.py:85 - 文本清理: 481 -> 469 字符
2026-05-06 19:57:30,290 - processor.data_processor - DEBUG - data_processor.py:85 - 文本清理: 510 -> 501 字符
2026-05-06 19:57:30,290 - processor.data_processor - DEBUG - data_processor.py:85 - 文本清理: 685 -> 674 字符
2026-05-06 19:57:30,290 - processor.data_processor - DEBUG - data_processor.py:85 - 文本清理: 695 -> 690 字符
2026-05-06 19:57:30,290 - processor.data_processor - DEBUG - data_processor.py:85 - 文本清理: 610 -> 604 字符
2026-05-06 19:57:30,290 - processor.data_processor - DEBUG - data_processor.py:85 - 文本清理: 638 -> 632 字符
2026-05-06 19:57:30,290 - processor.data_processor - DEBUG - data_processor.py:85 - 文本清理: 665 -> 660 字符
2026-05-06 19:57:30,291 - processor.data_processor - DEBUG - data_processor.py:85 - 文本清理: 495 -> 490 字符
2026-05-06 19:57:30,291 - processor.data_processor - DEBUG - data_processor.py:85 - 文本清理: 398 -> 391 字符
2026-05-06 19:57:30,291 - processor.data_processor - DEBUG - data_processor.py:85 - 文本清理: 668 -> 659 字符
2026-05-06 19:57:30,291 - processor.data_processor - DEBUG - data_processor.py:85 - 文本清理: 617 -> 611 字符
2026-05-06 19:57:30,291 - processor.data_processor - DEBUG - data_processor.py:85 - 文本清理: 592 -> 575 字符
2026-05-06 19:57:30,291 - processor.data_processor - DEBUG - data_processor.py:85 - 文本清理: 476 -> 460 字符
2026-05-06 19:57:30,291 - processor.data_processor - DEBUG - data_processor.py:85 - 文本清理: 624 -> 612 字符
2026-05-06 19:57:30,291 - processor.data_processor - DEBUG - data_processor.py:85 - 文本清理: 654 -> 643 字符
2026-05-06 19:57:30,291 - processor.data_processor - DEBUG - data_processor.py:85 - 文本清理: 575 -> 564 字符
2026-05-06 19:57:30,291 - processor.data_processor - DEBUG - data_processor.py:85 - 文本清理: 625 -> 609 字符
2026-05-06 19:57:30,292 - processor.data_processor - DEBUG - data_processor.py:85 - 文本清理: 636 -> 618 字符
2026-05-06 19:57:30,294 - processor.data_processor - DEBUG - data_processor.py:85 - 文本清理: 624 -> 596 字符
2026-05-06 19:57:30,295 - processor.data_processor - DEBUG - data_processor.py:85 - 文本清理: 724 -> 693 字符
2026-05-06 19:57:30,295 - processor.data_processor - DEBUG - data_processor.py:85 - 文本清理: 680 -> 664 字符
2026-05-06 19:57:30,295 - processor.data_processor - DEBUG - data_processor.py:85 - 文本清理: 678 -> 667 字符
2026-05-06 19:57:30,295 - processor.data_processor - DEBUG - data_processor.py:85 - 文本清理: 745 -> 727 字符
2026-05-06 19:57:30,295 - processor.data_processor - DEBUG - data_processor.py:85 - 文本清理: 649 -> 621 字符
2026-05-06 19:57:30,295 - processor.data_processor - DEBUG - data_processor.py:85 - 文本清理: 843 -> 837 字符
2026-05-06 19:57:30,295 - processor.data_processor - DEBUG - data_processor.py:85 - 文本清理: 693 -> 686 字符
2026-05-06 19:57:30,295 - processor.data_processor - DEBUG - data_processor.py:85 - 文本清理: 745 -> 738 字符
2026-05-06 19:57:30,295 - processor.data_processor - DEBUG - data_processor.py:85 - 文本清理: 604 -> 583 字符
2026-05-06 19:57:30,295 - processor.data_processor - DEBUG - data_processor.py:85 - 文本清理: 679 -> 668 字符
2026-05-06 19:57:30,296 - processor.data_processor - DEBUG - data_processor.py:85 - 文本清理: 527 -> 510 字符
2026-05-06 19:57:30,296 - processor.data_processor - DEBUG - data_processor.py:85 - 文本清理: 802 -> 781 字符
2026-05-06 19:57:30,296 - processor.data_processor - DEBUG - data_processor.py:85 - 文本清理: 485 -> 480 字符
2026-05-06 19:57:30,296 - processor.data_processor - DEBUG - data_processor.py:85 - 文本清理: 478 -> 474 字符
2026-05-06 19:57:30,296 - processor.data_processor - DEBUG - data_processor.py:85 - 文本清理: 715 -> 703 字符
2026-05-06 19:57:30,296 - processor.data_processor - DEBUG - data_processor.py:85 - 文本清理: 791 -> 778 字符
2026-05-06 19:57:30,296 - processor.data_processor - DEBUG - data_processor.py:85 - 文本清理: 431 -> 420 字符
2026-05-06 19:57:30,296 - processor.data_processor - DEBUG - data_processor.py:85 - 文本清理: 566 -> 548 字符
2026-05-06 19:57:30,296 - processor.data_processor - DEBUG - data_processor.py:85 - 文本清理: 828 -> 824 字符
2026-05-06 19:57:30,296 - processor.data_processor - DEBUG - data_processor.py:85 - 文本清理: 676 -> 668 字符
2026-05-06 19:57:30,297 - processor.data_processor - DEBUG - data_processor.py:85 - 文本清理: 727 -> 722 字符
2026-05-06 19:57:30,297 - processor.data_processor - DEBUG - data_processor.py:85 - 文本清理: 449 -> 440 字符
2026-05-06 19:57:30,297 - processor.data_processor - DEBUG - data_processor.py:85 - 文本清理: 766 -> 755 字符
2026-05-06 19:57:30,297 - processor.data_processor - DEBUG - data_processor.py:85 - 文本清理: 531 -> 507 字符
2026-05-06 19:57:30,297 - processor.data_processor - DEBUG - data_processor.py:85 - 文本清理: 601 -> 593 字符
2026-05-06 19:57:30,297 - processor.data_processor - DEBUG - data_processor.py:85 - 文本清理: 675 -> 664 字符
2026-05-06 19:57:30,297 - processor.data_processor - DEBUG - data_processor.py:85 - 文本清理: 609 -> 597 字符
2026-05-06 19:57:30,297 - processor.data_processor - DEBUG - data_processor.py:85 - 文本清理: 477 -> 463 字符
2026-05-06 19:57:30,297 - processor.data_processor - DEBUG - data_processor.py:85 - 文本清理: 574 -> 564 字符
2026-05-06 19:57:30,297 - processor.data_processor - DEBUG - data_processor.py:85 - 文本清理: 691 -> 686 字符
2026-05-06 19:57:30,297 - processor.data_processor - DEBUG - data_processor.py:85 - 文本清理: 790 -> 771 字符
2026-05-06 19:57:30,298 - processor.data_processor - DEBUG - data_processor.py:85 - 文本清理: 689 -> 682 字符
2026-05-06 19:57:30,298 - processor.data_processor - DEBUG - data_processor.py:85 - 文本清理: 666 -> 656 字符
2026-05-06 19:57:30,298 - processor.data_processor - DEBUG - data_processor.py:85 - 文本清理: 653 -> 643 字符
2026-05-06 19:57:30,298 - processor.data_processor - DEBUG - data_processor.py:85 - 文本清理: 834 -> 829 字符
2026-05-06 19:57:30,298 - processor.data_processor - DEBUG - data_processor.py:85 - 文本清理: 704 -> 700 字符
2026-05-06 19:57:30,298 - processor.data_processor - DEBUG - data_processor.py:85 - 文本清理: 732 -> 726 字符
2026-05-06 19:57:30,298 - processor.data_processor - DEBUG - data_processor.py:85 - 文本清理: 659 -> 650 字符
2026-05-06 19:57:30,298 - processor.data_processor - DEBUG - data_processor.py:85 - 文本清理: 744 -> 735 字符
2026-05-06 19:57:30,298 - processor.data_processor - DEBUG - data_processor.py:85 - 文本清理: 617 -> 614 字符
2026-05-06 19:57:30,298 - processor.data_processor - DEBUG - data_processor.py:85 - 文本清理: 539 -> 532 字符
2026-05-06 19:57:30,299 - processor.data_processor - DEBUG - data_processor.py:85 - 文本清理: 578 -> 575 字符
2026-05-06 19:57:30,299 - processor.data_processor - DEBUG - data_processor.py:85 - 文本清理: 753 -> 747 字符
2026-05-06 19:57:30,299 - processor.data_processor - DEBUG - data_processor.py:85 - 文本清理: 672 -> 662 字符
2026-05-06 19:57:30,299 - processor.data_processor - DEBUG - data_processor.py:85 - 文本清理: 769 -> 759 字符
2026-05-06 19:57:30,299 - processor.data_processor - DEBUG - data_processor.py:85 - 文本清理: 758 -> 755 字符
2026-05-06 19:57:30,299 - processor.data_processor - DEBUG - data_processor.py:85 - 文本清理: 644 -> 631 字符
2026-05-06 19:57:30,299 - processor.data_processor - DEBUG - data_processor.py:85 - 文本清理: 786 -> 775 字符
2026-05-06 19:57:30,299 - processor.data_processor - DEBUG - data_processor.py:85 - 文本清理: 836 -> 830 字符
2026-05-06 19:57:30,299 - processor.data_processor - DEBUG - data_processor.py:85 - 文本清理: 893 -> 883 字符
2026-05-06 19:57:30,299 - processor.data_processor - DEBUG - data_processor.py:85 - 文本清理: 819 -> 816 字符
2026-05-06 19:57:30,299 - processor.data_processor - DEBUG - data_processor.py:85 - 文本清理: 725 -> 717 字符
2026-05-06 19:57:30,300 - processor.data_processor - DEBUG - data_processor.py:85 - 文本清理: 721 -> 707 字符
2026-05-06 19:57:30,300 - processor.data_processor - DEBUG - data_processor.py:85 - 文本清理: 639 -> 626 字符
2026-05-06 19:57:30,300 - processor.data_processor - DEBUG - data_processor.py:85 - 文本清理: 605 -> 594 字符
2026-05-06 19:57:30,300 - processor.data_processor - DEBUG - data_processor.py:85 - 文本清理: 681 -> 674 字符
2026-05-06 19:57:30,300 - processor.data_processor - DEBUG - data_processor.py:85 - 文本清理: 663 -> 655 字符
2026-05-06 19:57:30,300 - processor.data_processor - DEBUG - data_processor.py:85 - 文本清理: 652 -> 646 字符
2026-05-06 19:57:30,300 - processor.data_processor - DEBUG - data_processor.py:85 - 文本清理: 769 -> 766 字符
2026-05-06 19:57:30,300 - processor.data_processor - DEBUG - data_processor.py:85 - 文本清理: 655 -> 645 字符
2026-05-06 19:57:30,300 - processor.data_processor - DEBUG - data_processor.py:85 - 文本清理: 739 -> 734 字符
2026-05-06 19:57:30,300 - processor.data_processor - DEBUG - data_processor.py:85 - 文本清理: 745 -> 739 字符
2026-05-06 19:57:30,301 - processor.data_processor - DEBUG - data_processor.py:85 - 文本清理: 707 -> 695 字符
2026-05-06 19:57:30,301 - processor.data_processor - DEBUG - data_processor.py:85 - 文本清理: 674 -> 667 字符
2026-05-06 19:57:30,301 - processor.data_processor - DEBUG - data_processor.py:85 - 文本清理: 665 -> 655 字符
2026-05-06 19:57:30,301 - processor.data_processor - DEBUG - data_processor.py:85 - 文本清理: 790 -> 779 字符
2026-05-06 19:57:30,301 - processor.data_processor - DEBUG - data_processor.py:85 - 文本清理: 821 -> 811 字符
2026-05-06 19:57:30,301 - processor.data_processor - DEBUG - data_processor.py:85 - 文本清理: 618 -> 605 字符
2026-05-06 19:57:30,301 - processor.data_processor - DEBUG - data_processor.py:85 - 文本清理: 725 -> 718 字符
2026-05-06 19:57:30,301 - processor.data_processor - DEBUG - data_processor.py:85 - 文本清理: 734 -> 715 字符
2026-05-06 19:57:30,301 - processor.data_processor - DEBUG - data_processor.py:85 - 文本清理: 858 -> 824 字符
2026-05-06 19:57:30,301 - processor.data_processor - DEBUG - data_processor.py:85 - 文本清理: 672 -> 657 字符
2026-05-06 19:57:30,302 - processor.data_processor - DEBUG - data_processor.py:85 - 文本清理: 782 -> 768 字符
2026-05-06 19:57:30,302 - processor.data_processor - DEBUG - data_processor.py:85 - 文本清理: 663 -> 645 字符
2026-05-06 19:57:30,302 - processor.data_processor - DEBUG - data_processor.py:85 - 文本清理: 868 -> 854 字符
2026-05-06 19:57:30,302 - processor.data_processor - DEBUG - data_processor.py:85 - 文本清理: 618 -> 608 字符
2026-05-06 19:57:30,302 - processor.data_processor - DEBUG - data_processor.py:85 - 文本清理: 788 -> 765 字符
2026-05-06 19:57:30,302 - processor.data_processor - DEBUG - data_processor.py:85 - 文本清理: 751 -> 743 字符
2026-05-06 19:57:30,302 - processor.data_processor - DEBUG - data_processor.py:85 - 文本清理: 749 -> 737 字符
2026-05-06 19:57:30,302 - processor.data_processor - DEBUG - data_processor.py:85 - 文本清理: 786 -> 777 字符
2026-05-06 19:57:30,302 - processor.data_processor - DEBUG - data_processor.py:85 - 文本清理: 740 -> 728 字符
2026-05-06 19:57:30,302 - processor.data_processor - DEBUG - data_processor.py:85 - 文本清理: 732 -> 726 字符
2026-05-06 19:57:30,303 - processor.data_processor - DEBUG - data_processor.py:85 - 文本清理: 701 -> 696 字符
2026-05-06 19:57:30,303 - processor.data_processor - DEBUG - data_processor.py:85 - 文本清理: 680 -> 667 字符
2026-05-06 19:57:30,303 - processor.data_processor - DEBUG - data_processor.py:85 - 文本清理: 555 -> 540 字符
2026-05-06 19:57:30,303 - processor.data_processor - DEBUG - data_processor.py:85 - 文本清理: 765 -> 758 字符
2026-05-06 19:57:30,303 - processor.data_processor - DEBUG - data_processor.py:85 - 文本清理: 839 -> 836 字符
2026-05-06 19:57:30,303 - processor.data_processor - DEBUG - data_processor.py:85 - 文本清理: 776 -> 761 字符
2026-05-06 19:57:30,303 - processor.data_processor - DEBUG - data_processor.py:85 - 文本清理: 776 -> 753 字符
2026-05-06 19:57:30,303 - processor.data_processor - DEBUG - data_processor.py:85 - 文本清理: 756 -> 745 字符
2026-05-06 19:57:30,303 - processor.data_processor - DEBUG - data_processor.py:85 - 文本清理: 712 -> 708 字符
2026-05-06 19:57:30,303 - processor.data_processor - DEBUG - data_processor.py:85 - 文本清理: 712 -> 708 字符
2026-05-06 19:57:30,303 - processor.data_processor - DEBUG - data_processor.py:85 - 文本清理: 666 -> 658 字符
2026-05-06 19:57:30,303 - processor.data_processor - DEBUG - data_processor.py:85 - 文本清理: 662 -> 658 字符
2026-05-06 19:57:30,303 - processor.data_processor - DEBUG - data_processor.py:85 - 文本清理: 574 -> 568 字符
2026-05-06 19:57:30,303 - processor.data_processor - DEBUG - data_processor.py:85 - 文本清理: 796 -> 760 字符
2026-05-06 19:57:30,303 - processor.data_processor - DEBUG - data_processor.py:85 - 文本清理: 718 -> 698 字符
2026-05-06 19:57:30,303 - processor.data_processor - DEBUG - data_processor.py:85 - 文本清理: 630 -> 608 字符
2026-05-06 19:57:30,304 - processor.data_processor - DEBUG - data_processor.py:85 - 文本清理: 626 -> 594 字符
2026-05-06 19:57:30,304 - processor.data_processor - DEBUG - data_processor.py:85 - 文本清理: 609 -> 598 字符
2026-05-06 19:57:30,304 - processor.data_processor - DEBUG - data_processor.py:85 - 文本清理: 661 -> 647 字符
2026-05-06 19:57:30,304 - processor.data_processor - DEBUG - data_processor.py:85 - 文本清理: 554 -> 520 字符
2026-05-06 19:57:30,304 - processor.data_processor - DEBUG - data_processor.py:85 - 文本清理: 645 -> 632 字符
2026-05-06 19:57:30,304 - processor.data_processor - DEBUG - data_processor.py:85 - 文本清理: 574 -> 554 字符
2026-05-06 19:57:30,304 - processor.data_processor - DEBUG - data_processor.py:85 - 文本清理: 563 -> 560 字符
2026-05-06 19:57:30,304 - processor.data_processor - DEBUG - data_processor.py:85 - 文本清理: 541 -> 530 字符
2026-05-06 19:57:30,304 - processor.data_processor - DEBUG - data_processor.py:85 - 文本清理: 704 -> 693 字符
2026-05-06 19:57:30,305 - processor.data_processor - DEBUG - data_processor.py:85 - 文本清理: 678 -> 663 字符
2026-05-06 19:57:30,305 - processor.data_processor - DEBUG - data_processor.py:85 - 文本清理: 596 -> 588 字符
2026-05-06 19:57:30,305 - processor.data_processor - DEBUG - data_processor.py:85 - 文本清理: 709 -> 701 字符
2026-05-06 19:57:30,305 - processor.data_processor - DEBUG - data_processor.py:85 - 文本清理: 527 -> 516 字符
2026-05-06 19:57:30,305 - processor.data_processor - DEBUG - data_processor.py:85 - 文本清理: 596 -> 588 字符
2026-05-06 19:57:30,305 - processor.data_processor - DEBUG - data_processor.py:85 - 文本清理: 702 -> 691 字符
2026-05-06 19:57:30,305 - processor.data_processor - DEBUG - data_processor.py:85 - 文本清理: 596 -> 587 字符
2026-05-06 19:57:30,305 - processor.data_processor - DEBUG - data_processor.py:85 - 文本清理: 673 -> 666 字符
2026-05-06 19:57:30,305 - processor.data_processor - DEBUG - data_processor.py:85 - 文本清理: 563 -> 550 字符
2026-05-06 19:57:30,305 - processor.data_processor - DEBUG - data_processor.py:85 - 文本清理: 598 -> 589 字符
2026-05-06 19:57:30,305 - processor.data_processor - DEBUG - data_processor.py:85 - 文本清理: 626 -> 609 字符
2026-05-06 19:57:30,306 - processor.data_processor - DEBUG - data_processor.py:85 - 文本清理: 565 -> 559 字符
2026-05-06 19:57:30,306 - processor.data_processor - DEBUG - data_processor.py:85 - 文本清理: 654 -> 647 字符
2026-05-06 19:57:30,306 - processor.data_processor - DEBUG - data_processor.py:85 - 文本清理: 617 -> 612 字符
2026-05-06 19:57:30,306 - processor.data_processor - DEBUG - data_processor.py:85 - 文本清理: 733 -> 722 字符
2026-05-06 19:57:30,306 - processor.data_processor - DEBUG - data_processor.py:85 - 文本清理: 765 -> 756 字符
2026-05-06 19:57:30,306 - processor.data_processor - DEBUG - data_processor.py:85 - 文本清理: 716 -> 709 字符
2026-05-06 19:57:30,306 - processor.data_processor - DEBUG - data_processor.py:85 - 文本清理: 914 -> 907 字符
2026-05-06 19:57:30,306 - processor.data_processor - DEBUG - data_processor.py:85 - 文本清理: 761 -> 737 字符
2026-05-06 19:57:30,306 - processor.data_processor - DEBUG - data_processor.py:85 - 文本清理: 717 -> 700 字符
2026-05-06 19:57:30,306 - processor.data_processor - DEBUG - data_processor.py:85 - 文本清理: 810 -> 800 字符
2026-05-06 19:57:30,307 - processor.data_processor - DEBUG - data_processor.py:85 - 文本清理: 740 -> 724 字符
2026-05-06 19:57:30,307 - processor.data_processor - DEBUG - data_processor.py:85 - 文本清理: 657 -> 638 字符
2026-05-06 19:57:30,307 - processor.data_processor - DEBUG - data_processor.py:85 - 文本清理: 688 -> 676 字符
2026-05-06 19:57:30,308 - processor.data_processor - DEBUG - data_processor.py:85 - 文本清理: 819 -> 810 字符
2026-05-06 19:57:30,308 - processor.data_processor - DEBUG - data_processor.py:85 - 文本清理: 796 -> 776 字符
2026-05-06 19:57:30,308 - processor.data_processor - DEBUG - data_processor.py:85 - 文本清理: 445 -> 410 字符
2026-05-06 19:57:30,309 - processor.data_processor - INFO - data_processor.py:352 - 为文件 中华人民共和国民法典_20200528.docx 选择策略: 法律条文策略
2026-05-06 19:57:30,309 - processor.data_processor - INFO - data_processor.py:376 -   分块参数: chunk_size=900, overlap=150
2026-05-06 19:57:30,317 - processor.data_processor - INFO - data_processor.py:477 -   文件处理完成: 175 段 -> 176 个块
2026-05-06 19:57:30,317 - processor.data_processor - INFO - data_processor.py:352 - 为文件 中华人民共和国民法典_20200528.docx 选择策略: 法律条文策略
2026-05-06 19:57:30,317 - processor.data_processor - INFO - data_processor.py:407 - 
所有文件处理完成: 共 660 个块
2026-05-06 19:57:30,327 - processor.data_processor - INFO - data_processor.py:513 - 数据预览已保存到: knowledge_base_preview.json
2026-05-06 19:57:30,328 - langchain_community.vectorstores.milvus - DEBUG - milvus.py:281 - Using previous connection: default
2026-05-06 19:58:27,848 - langchain_community.vectorstores.milvus - DEBUG - milvus.py:469 - Successfully created an index on collection: rag_chatbot_v2
2026-05-06 19:58:29,015 - main - INFO - main.py:118 - 创建向量库成功，共 660 个向量
2026-05-06 19:58:29,018 - sentence_transformers.base.model - INFO - model.py:962 - No modules.json found for F:\4--专业所有安装的软件及改动设置\2-3--专高3\3-bge-reranker-base\bge-reranker-base, initializing a new CrossEncoder model.
2026-05-06 19:58:30,163 - sentence_transformers.base.modules.transformer - DEBUG - transformer.py:728 - Active modality config: {'text': {'method': 'forward', 'method_output_name': 'logits'}}
2026-05-06 19:58:30,164 - core.rag_engine - INFO - rag_engine.py:57 - [Reranker] BGE 重排序器加载成功 (device=cpu)
2026-05-06 19:58:30,165 - main - INFO - main.py:126 - RAG 组件初始化成功
2026-05-06 19:58:36,578 - main - INFO - main.py:118 - 创建向量库成功，共 660 个向量
2026-05-06 19:58:36,581 - sentence_transformers.base.model - INFO - model.py:962 - No modules.json found for F:\4--专业所有安装的软件及改动设置\2-3--专高3\3-bge-reranker-base\bge-reranker-base, initializing a new CrossEncoder model.
2026-05-06 19:58:37,675 - sentence_transformers.base.modules.transformer - DEBUG - transformer.py:728 - Active modality config: {'text': {'method': 'forward', 'method_output_name': 'logits'}}
2026-05-06 19:58:37,676 - core.rag_engine - INFO - rag_engine.py:57 - [Reranker] BGE 重排序器加载成功 (device=cpu)
2026-05-06 19:58:37,678 - main - INFO - main.py:126 - RAG 组件初始化成功
2026-05-06 20:04:22,327 - main - INFO - main.py:131 - 正在关闭服务...
2026-05-06 20:07:34,780 - datasets - DEBUG - config.py:54 - PyTorch version 2.11.0+cu128 available.
2026-05-06 20:07:43,572 - datasets - DEBUG - config.py:54 - PyTorch version 2.11.0+cu128 available.
2026-05-06 20:07:44,173 - asyncio - DEBUG - selector_events.py:54 - Using selector: SelectSelector
2026-05-06 20:07:44,197 - main - INFO - main.py:79 - ==================================================
2026-05-06 20:07:44,198 - main - INFO - main.py:80 - 启动 RAG 角色扮演系统
2026-05-06 20:07:44,198 - main - INFO - main.py:81 - ==================================================
2026-05-06 20:07:44,206 - storage.mysql_client - INFO - mysql_client.py:54 - MySQL 连接成功: localhost:3306/rag_chatbot
2026-05-06 20:07:44,212 - storage.redis_client - INFO - redis_client.py:51 - Redis 连接成功: localhost:6379
2026-05-06 20:07:44,273 - storage.milvus_client - INFO - milvus_client.py:51 - Milvus 连接成功: localhost:19530
2026-05-06 20:07:44,273 - main - INFO - main.py:88 - 所有服务连接成功
2026-05-06 20:07:44,288 - main - INFO - main.py:40 - 加载 Embedding 模型: F:\4--专业所有安装的软件及改动设置\2-6--专高6\bge-m3
2026-05-06 20:07:44,290 - sentence_transformers.base.model - INFO - model.py:177 - No device provided, using cuda:0
2026-05-06 20:07:44,290 - sentence_transformers.base.model - INFO - model.py:973 - Loading SentenceTransformer model from F:\4--专业所有安装的软件及改动设置\2-6--专高6\bge-m3.
2026-05-06 20:07:45,126 - sentence_transformers.base.modules.transformer - DEBUG - transformer.py:728 - Active modality config: {'text': {'method': 'forward', 'method_output_name': 'last_hidden_state'}}
2026-05-06 20:07:46,035 - langchain_community.vectorstores.milvus - DEBUG - milvus.py:281 - Using previous connection: default
2026-05-06 20:07:46,236 - main - INFO - main.py:105 - 加载已有向量库: rag_chatbot_v2
2026-05-06 20:07:46,238 - sentence_transformers.base.model - INFO - model.py:962 - No modules.json found for F:\4--专业所有安装的软件及改动设置\2-3--专高3\3-bge-reranker-base\bge-reranker-base, initializing a new CrossEncoder model.
2026-05-06 20:07:47,097 - sentence_transformers.base.modules.transformer - DEBUG - transformer.py:728 - Active modality config: {'text': {'method': 'forward', 'method_output_name': 'logits'}}
2026-05-06 20:07:47,100 - core.rag_engine - INFO - rag_engine.py:57 - [Reranker] BGE 重排序器加载成功 (device=cpu)
2026-05-06 20:07:47,100 - main - INFO - main.py:126 - RAG 组件初始化成功
2026-05-06 20:25:55,286 - main - INFO - main.py:131 - 正在关闭服务...
2026-05-06 20:26:27,938 - datasets - DEBUG - config.py:54 - PyTorch version 2.11.0+cu128 available.
2026-05-06 20:26:37,534 - datasets - DEBUG - config.py:54 - PyTorch version 2.11.0+cu128 available.
2026-05-06 20:26:38,201 - asyncio - DEBUG - selector_events.py:54 - Using selector: SelectSelector
2026-05-06 20:26:38,224 - main - INFO - main.py:79 - ==================================================
2026-05-06 20:26:38,224 - main - INFO - main.py:80 - 启动 RAG 角色扮演系统
2026-05-06 20:26:38,224 - main - INFO - main.py:81 - ==================================================
2026-05-06 20:26:38,246 - storage.mysql_client - INFO - mysql_client.py:54 - MySQL 连接成功: localhost:3306/rag_chatbot
2026-05-06 20:26:38,251 - storage.redis_client - INFO - redis_client.py:51 - Redis 连接成功: localhost:6379
2026-05-06 20:26:38,312 - storage.milvus_client - INFO - milvus_client.py:51 - Milvus 连接成功: localhost:19530
2026-05-06 20:26:38,312 - main - INFO - main.py:88 - 所有服务连接成功
2026-05-06 20:26:38,325 - main - INFO - main.py:40 - 加载 Embedding 模型: F:\4--专业所有安装的软件及改动设置\2-6--专高6\bge-m3
2026-05-06 20:26:38,327 - sentence_transformers.base.model - INFO - model.py:177 - No device provided, using cuda:0
2026-05-06 20:26:38,333 - sentence_transformers.base.model - INFO - model.py:973 - Loading SentenceTransformer model from F:\4--专业所有安装的软件及改动设置\2-6--专高6\bge-m3.
2026-05-06 20:26:39,272 - sentence_transformers.base.modules.transformer - DEBUG - transformer.py:728 - Active modality config: {'text': {'method': 'forward', 'method_output_name': 'last_hidden_state'}}
2026-05-06 20:26:40,210 - langchain_community.vectorstores.milvus - DEBUG - milvus.py:281 - Using previous connection: default
2026-05-06 20:26:40,355 - main - INFO - main.py:105 - 加载已有向量库: rag_chatbot_v2
2026-05-06 20:26:40,357 - sentence_transformers.base.model - INFO - model.py:962 - No modules.json found for F:\4--专业所有安装的软件及改动设置\2-3--专高3\3-bge-reranker-base\bge-reranker-base, initializing a new CrossEncoder model.
2026-05-06 20:26:41,270 - sentence_transformers.base.modules.transformer - DEBUG - transformer.py:728 - Active modality config: {'text': {'method': 'forward', 'method_output_name': 'logits'}}
2026-05-06 20:26:41,272 - core.rag_engine - INFO - rag_engine.py:57 - [Reranker] BGE 重排序器加载成功 (device=cpu)
2026-05-06 20:26:41,272 - main - INFO - main.py:126 - RAG 组件初始化成功
2026-05-06 20:38:36,058 - main - INFO - main.py:131 - 正在关闭服务...
2026-05-06 20:38:51,713 - datasets - DEBUG - config.py:54 - PyTorch version 2.11.0+cu128 available.
2026-05-06 20:39:00,005 - datasets - DEBUG - config.py:54 - PyTorch version 2.11.0+cu128 available.
2026-05-06 20:39:00,625 - asyncio - DEBUG - selector_events.py:54 - Using selector: SelectSelector
2026-05-06 20:39:00,649 - main - INFO - main.py:79 - ==================================================
2026-05-06 20:39:00,649 - main - INFO - main.py:80 - 启动 RAG 角色扮演系统
2026-05-06 20:39:00,649 - main - INFO - main.py:81 - ==================================================
2026-05-06 20:39:00,653 - storage.mysql_client - INFO - mysql_client.py:54 - MySQL 连接成功: localhost:3306/rag_chatbot
2026-05-06 20:39:00,656 - storage.redis_client - INFO - redis_client.py:51 - Redis 连接成功: localhost:6379
2026-05-06 20:39:00,714 - storage.milvus_client - INFO - milvus_client.py:51 - Milvus 连接成功: localhost:19530
2026-05-06 20:39:00,714 - main - INFO - main.py:88 - 所有服务连接成功
2026-05-06 20:39:00,727 - main - INFO - main.py:40 - 加载 Embedding 模型: F:\4--专业所有安装的软件及改动设置\2-6--专高6\bge-m3
2026-05-06 20:39:00,730 - sentence_transformers.base.model - INFO - model.py:177 - No device provided, using cuda:0
2026-05-06 20:39:00,731 - sentence_transformers.base.model - INFO - model.py:973 - Loading SentenceTransformer model from F:\4--专业所有安装的软件及改动设置\2-6--专高6\bge-m3.
2026-05-06 20:39:01,551 - sentence_transformers.base.modules.transformer - DEBUG - transformer.py:728 - Active modality config: {'text': {'method': 'forward', 'method_output_name': 'last_hidden_state'}}
2026-05-06 20:39:02,465 - langchain_community.vectorstores.milvus - DEBUG - milvus.py:281 - Using previous connection: default
2026-05-06 20:39:02,610 - main - INFO - main.py:105 - 加载已有向量库: rag_chatbot_v2
2026-05-06 20:39:02,613 - sentence_transformers.base.model - INFO - model.py:962 - No modules.json found for F:\4--专业所有安装的软件及改动设置\2-3--专高3\3-bge-reranker-base\bge-reranker-base, initializing a new CrossEncoder model.
2026-05-06 20:39:03,444 - sentence_transformers.base.modules.transformer - DEBUG - transformer.py:728 - Active modality config: {'text': {'method': 'forward', 'method_output_name': 'logits'}}
2026-05-06 20:39:03,446 - core.rag_engine - INFO - rag_engine.py:57 - [Reranker] BGE 重排序器加载成功 (device=cpu)
2026-05-06 20:39:03,447 - main - INFO - main.py:126 - RAG 组件初始化成功
2026-05-06 20:43:07,185 - main - INFO - main.py:131 - 正在关闭服务...
2026-05-06 20:44:27,348 - datasets - DEBUG - config.py:54 - PyTorch version 2.11.0+cu128 available.
2026-05-06 20:44:35,959 - datasets - DEBUG - config.py:54 - PyTorch version 2.11.0+cu128 available.
2026-05-06 20:44:36,589 - asyncio - DEBUG - selector_events.py:54 - Using selector: SelectSelector
2026-05-06 20:44:36,614 - main - INFO - main.py:79 - ==================================================
2026-05-06 20:44:36,614 - main - INFO - main.py:80 - 启动 RAG 角色扮演系统
2026-05-06 20:44:36,614 - main - INFO - main.py:81 - ==================================================
2026-05-06 20:44:36,618 - storage.mysql_client - INFO - mysql_client.py:54 - MySQL 连接成功: localhost:3306/rag_chatbot
2026-05-06 20:44:36,644 - storage.redis_client - INFO - redis_client.py:51 - Redis 连接成功: localhost:6379
2026-05-06 20:44:36,705 - storage.milvus_client - INFO - milvus_client.py:51 - Milvus 连接成功: localhost:19530
2026-05-06 20:44:36,705 - main - INFO - main.py:88 - 所有服务连接成功
2026-05-06 20:44:36,718 - main - INFO - main.py:40 - 加载 Embedding 模型: F:\4--专业所有安装的软件及改动设置\2-6--专高6\bge-m3
2026-05-06 20:44:36,721 - sentence_transformers.base.model - INFO - model.py:177 - No device provided, using cuda:0
2026-05-06 20:44:36,722 - sentence_transformers.base.model - INFO - model.py:973 - Loading SentenceTransformer model from F:\4--专业所有安装的软件及改动设置\2-6--专高6\bge-m3.
2026-05-06 20:44:37,563 - sentence_transformers.base.modules.transformer - DEBUG - transformer.py:728 - Active modality config: {'text': {'method': 'forward', 'method_output_name': 'last_hidden_state'}}
2026-05-06 20:44:38,539 - langchain_community.vectorstores.milvus - DEBUG - milvus.py:281 - Using previous connection: default
2026-05-06 20:44:38,736 - main - INFO - main.py:105 - 加载已有向量库: rag_chatbot_v2
2026-05-06 20:44:38,739 - sentence_transformers.base.model - INFO - model.py:962 - No modules.json found for F:\4--专业所有安装的软件及改动设置\2-3--专高3\3-bge-reranker-base\bge-reranker-base, initializing a new CrossEncoder model.
2026-05-06 20:44:39,605 - sentence_transformers.base.modules.transformer - DEBUG - transformer.py:728 - Active modality config: {'text': {'method': 'forward', 'method_output_name': 'logits'}}
2026-05-06 20:44:39,607 - core.rag_engine - INFO - rag_engine.py:57 - [Reranker] BGE 重排序器加载成功 (device=cpu)
2026-05-06 20:44:39,607 - main - INFO - main.py:126 - RAG 组件初始化成功
2026-05-06 20:47:47,915 - processor.data_processor - DEBUG - data_processor.py:85 - 文本清理: 19 -> 11 字符
2026-05-06 20:47:47,915 - processor.data_processor - DEBUG - data_processor.py:85 - 文本清理: 17 -> 9 字符
2026-05-06 20:47:47,915 - processor.data_processor - INFO - data_processor.py:100 - 过滤无效文本: 移除 1 段 (小于10字符)
2026-05-06 20:49:04,638 - main - INFO - main.py:131 - 正在关闭服务...
2026-05-06 20:49:43,367 - datasets - DEBUG - config.py:54 - PyTorch version 2.11.0+cu128 available.
2026-05-06 20:49:46,121 - asyncio - DEBUG - selector_events.py:54 - Using selector: SelectSelector
2026-05-06 20:49:46,252 - main - INFO - main.py:79 - ==================================================
2026-05-06 20:49:46,252 - main - INFO - main.py:80 - 启动 RAG 角色扮演系统
2026-05-06 20:49:46,254 - main - INFO - main.py:81 - ==================================================
2026-05-06 20:49:46,271 - storage.mysql_client - INFO - mysql_client.py:54 - MySQL 连接成功: localhost:3306/rag_chatbot
2026-05-06 20:49:46,302 - storage.redis_client - INFO - redis_client.py:51 - Redis 连接成功: localhost:6379
2026-05-06 20:49:46,384 - storage.milvus_client - INFO - milvus_client.py:51 - Milvus 连接成功: localhost:19530
2026-05-06 20:49:46,385 - main - INFO - main.py:88 - 所有服务连接成功
2026-05-06 20:49:46,425 - main - INFO - main.py:40 - 加载 Embedding 模型: F:\4--专业所有安装的软件及改动设置\2-6--专高6\bge-m3
2026-05-06 20:49:46,432 - sentence_transformers.base.model - INFO - model.py:177 - No device provided, using cuda:0
2026-05-06 20:49:46,434 - sentence_transformers.base.model - INFO - model.py:973 - Loading SentenceTransformer model from F:\4--专业所有安装的软件及改动设置\2-6--专高6\bge-m3.
2026-05-06 20:49:50,361 - sentence_transformers.base.modules.transformer - DEBUG - transformer.py:728 - Active modality config: {'text': {'method': 'forward', 'method_output_name': 'last_hidden_state'}}
2026-05-06 20:49:55,084 - langchain_community.vectorstores.milvus - DEBUG - milvus.py:281 - Using previous connection: default
2026-05-06 20:49:55,291 - main - INFO - main.py:105 - 加载已有向量库: rag_chatbot_v2
2026-05-06 20:49:55,313 - sentence_transformers.base.model - INFO - model.py:962 - No modules.json found for F:\4--专业所有安装的软件及改动设置\2-3--专高3\3-bge-reranker-base\bge-reranker-base, initializing a new CrossEncoder model.
2026-05-06 20:50:01,197 - sentence_transformers.base.modules.transformer - DEBUG - transformer.py:728 - Active modality config: {'text': {'method': 'forward', 'method_output_name': 'logits'}}
2026-05-06 20:50:01,198 - core.rag_engine - INFO - rag_engine.py:57 - [Reranker] BGE 重排序器加载成功 (device=cpu)
2026-05-06 20:50:01,198 - main - INFO - main.py:126 - RAG 组件初始化成功
2026-05-06 20:51:10,017 - core.retriever - DEBUG - retriever.py:51 - [召回-Milvus] 10 个文档
2026-05-06 20:51:10,018 - core.retriever - DEBUG - retriever.py:78 - [召回-MySQL] 1 个文档
2026-05-06 20:51:10,019 - core.retriever - DEBUG - retriever.py:99 - [召回-Redis] 0 个文档
2026-05-06 20:51:10,020 - storage.redis_client - DEBUG - redis_client.py:114 - [Redis] 获取短期记忆: short_term:user:1:role:lawyer:session:conv_1_lawyer, 数量: 5
2026-05-06 20:51:10,020 - core.memory - DEBUG - memory.py:92 - [短期记忆] 获取到 5 条
2026-05-06 20:51:10,417 - openai._base_client - DEBUG - _base_client.py:487 - Request options: {'method': 'post', 'url': '/chat/completions', 'headers': {'X-Stainless-Raw-Response': 'true'}, 'files': None, 'idempotency_key': 'stainless-python-retry-241160a5-69a2-47a1-a760-ed228b0b4964', 'content': None, 'json_data': {'messages': [{'content': '你是法律咨询师，严谨普法。\n\n【重要规则】\n1. 只能回答知识库中明确包含的内容，不得编造任何法律条文\n2. 回答时必须明确引用来源，格式如：《民法典》第X条\n3. 如果知识库中没有相关信息，告知用户："知识库中未找到相关信息，建议咨询专业律师"\n4. 禁止使用emoji\n\n【回答格式】\n📚 参考来源：《文档名称》\n\n\n【历史对话】\n【历史对话】\n用户: 捡到别人的失物怎么办？\n助手: 根据知识库内容，捡到他人的遗失物，应当按以下方式处理：\n\n1. 拾得遗失物后，应当返还权利人。拾得人应当及时通知权利人领取，或者将遗失物送交公安等有关部门。（《中华人民共和国民法典_20200528.docx》第三百一十四条）\n\n2. 在将遗失物送交有关部门前，拾得人应当妥善保管遗失物。因故意或者重大过失致使遗失物毁损、灭失的，应当承担民事责任。（《中华人民共和国民法典_20200528.docx》第三百一十六条）\n\n3. 如果拾得人侵占遗失物，则无权请求保管遗失物等支出的费用，也无权请求权利人按照承诺履行义务。（《中华人民共和国民法典_20200528.docx》第三百一十六条）\n\n4. 如果权利人悬赏寻找遗失物，领取遗失物时应当按照承诺履行义务。（《中华人民共和国民法典_20200528.docx》第三百一十七条）\n\n5. 权利人领取遗失物时，应当向拾得人或者有关部门支付保管遗失物等支出的必要费用。（《中华人民共和国民法典_20200528.docx》第三百一十七条）\n\n📚 参考来源：《中华人民共和国民法典_20200528.docx》\n用户: 离婚需要什么条件？\n助手: 根据知识库内容，离婚需要满足以下条件：\n\n1. 夫妻双方自愿离婚的，应当签订书面离婚协议，并亲自到婚姻登记机关申请离婚登记。离婚协议应当载明双方自愿离婚的意思表示和对子女抚养、财产以及债务处理等事项协商一致的意见。（《中华人民共和国民法典_20200528.docx》第一千零七十六条、第一千零七十七条）\n\n2. 如果通过诉讼离婚，人民法院审理离婚案件，应当进行调解；如果感情确已破裂，调解无效的，应当准予离婚。（《中华人民共和国民法典_20200528.docx》第一千零七十九条）\n\n3. 离婚时，如果一方生活困难，有负担能力的另一方应当给予适当帮助。具体办法由双方协议；协议不成的，由人民法院判决。（《中华人民共和国民法典_20200528.docx》第一千零九十条）\n\n4. 有下列情形之一，调解无效的，应当准予离婚：具体情形在知识库中未完整列出，建议结合完整法条理解。（《中华人民共和国民法典_20200528.docx》第一千零七十九条）\n\n📚 参考来源：《中华人民共和国民法典_20200528.docx》\n用户: 捡到别人的失物怎么办？\n助手: 抱歉，根据您提供的知识库内容，其中未包含关于捡到失物如何处理的相关法律规定。知识库中未找到相关信息，建议咨询专业律师。\n\n📚 参考来源：无\n用户: 离婚需要什么条件？\n助手: 抱歉，根据您提供的知识库内容，其中未包含关于离婚条件的相关信息。知识库中未找到相关信息，建议咨询专业律师。\n\n📚 参考来源：无\n用户: 捡到别人的失物怎么办？\n助手: 模型调用失败: \'AIMessage\' object has no attribute \'strip\'\n\n【知识库参考（仅供参考）】\n\n\n【用户问题】\n捡到别人的失物怎么办？\n\n【回答要求】\n1. 首先，如果【用户之前告诉我的重要信息】中有相关信息，请直接使用这些信息回答\n2. 只有当记忆中没有相关信息时，才使用知识库参考内容\n3. 不要重复用户已经提供的信息\n4. 禁止使用emoji\n\n请回答：', 'role': 'user'}], 'model': 'deepseek-chat', 'max_completion_tokens': 1024, 'stream': False, 'temperature': 0.3}}
2026-05-06 20:51:10,430 - core.rag_engine - ERROR - rag_engine.py:182 - LLM 调用失败: 'ascii' codec can't encode characters in position 10-11: ordinal not in range(128)
2026-05-06 20:51:10,432 - storage.redis_client - DEBUG - redis_client.py:86 - [Redis] 保存短期记忆: short_term:user:1:role:lawyer:session:conv_1_lawyer, 当前长度: 7
2026-05-06 20:51:10,433 - core.memory - DEBUG - memory.py:86 - [短期记忆] 已保存: user=1, role=lawyer
2026-05-06 20:51:10,537 - main - INFO - main.py:131 - 正在关闭服务...
2026-05-06 20:51:19,656 - datasets - DEBUG - config.py:54 - PyTorch version 2.11.0+cu128 available.
2026-05-06 20:51:20,259 - asyncio - DEBUG - selector_events.py:54 - Using selector: SelectSelector
2026-05-06 20:51:20,282 - main - INFO - main.py:79 - ==================================================
2026-05-06 20:51:20,282 - main - INFO - main.py:80 - 启动 RAG 角色扮演系统
2026-05-06 20:51:20,283 - main - INFO - main.py:81 - ==================================================
2026-05-06 20:51:20,286 - storage.mysql_client - INFO - mysql_client.py:54 - MySQL 连接成功: localhost:3306/rag_chatbot
2026-05-06 20:51:20,291 - storage.redis_client - INFO - redis_client.py:51 - Redis 连接成功: localhost:6379
2026-05-06 20:51:20,347 - storage.milvus_client - INFO - milvus_client.py:51 - Milvus 连接成功: localhost:19530
2026-05-06 20:51:20,347 - main - INFO - main.py:88 - 所有服务连接成功
2026-05-06 20:51:20,360 - main - INFO - main.py:40 - 加载 Embedding 模型: F:\4--专业所有安装的软件及改动设置\2-6--专高6\bge-m3
2026-05-06 20:51:20,362 - sentence_transformers.base.model - INFO - model.py:177 - No device provided, using cuda:0
2026-05-06 20:51:20,362 - sentence_transformers.base.model - INFO - model.py:973 - Loading SentenceTransformer model from F:\4--专业所有安装的软件及改动设置\2-6--专高6\bge-m3.
2026-05-06 20:51:21,191 - sentence_transformers.base.modules.transformer - DEBUG - transformer.py:728 - Active modality config: {'text': {'method': 'forward', 'method_output_name': 'last_hidden_state'}}
2026-05-06 20:51:22,100 - langchain_community.vectorstores.milvus - DEBUG - milvus.py:281 - Using previous connection: default
2026-05-06 20:51:22,290 - main - INFO - main.py:105 - 加载已有向量库: rag_chatbot_v2
2026-05-06 20:51:22,292 - sentence_transformers.base.model - INFO - model.py:962 - No modules.json found for F:\4--专业所有安装的软件及改动设置\2-3--专高3\3-bge-reranker-base\bge-reranker-base, initializing a new CrossEncoder model.
2026-05-06 20:51:23,144 - sentence_transformers.base.modules.transformer - DEBUG - transformer.py:728 - Active modality config: {'text': {'method': 'forward', 'method_output_name': 'logits'}}
2026-05-06 20:51:23,146 - core.rag_engine - INFO - rag_engine.py:57 - [Reranker] BGE 重排序器加载成功 (device=cpu)
2026-05-06 20:51:23,147 - main - INFO - main.py:126 - RAG 组件初始化成功
2026-05-06 20:51:23,341 - core.retriever - DEBUG - retriever.py:51 - [召回-Milvus] 10 个文档
2026-05-06 20:51:23,342 - core.retriever - DEBUG - retriever.py:78 - [召回-MySQL] 5 个文档
2026-05-06 20:51:23,342 - core.retriever - DEBUG - retriever.py:99 - [召回-Redis] 0 个文档
2026-05-06 20:51:23,343 - storage.redis_client - DEBUG - redis_client.py:114 - [Redis] 获取短期记忆: short_term:user:1:role:lawyer:session:conv_1_lawyer, 数量: 5
2026-05-06 20:51:23,343 - core.memory - DEBUG - memory.py:92 - [短期记忆] 获取到 5 条
2026-05-06 20:51:23,651 - openai._base_client - DEBUG - _base_client.py:487 - Request options: {'method': 'post', 'url': '/chat/completions', 'headers': {'X-Stainless-Raw-Response': 'true'}, 'files': None, 'idempotency_key': 'stainless-python-retry-ab6aef27-63a8-4283-9a46-528c7647c95b', 'content': None, 'json_data': {'messages': [{'content': '你是法律咨询师，严谨普法。\n\n【重要规则】\n1. 只能回答知识库中明确包含的内容，不得编造任何法律条文\n2. 回答时必须明确引用来源，格式如：《民法典》第X条\n3. 如果知识库中没有相关信息，告知用户："知识库中未找到相关信息，建议咨询专业律师"\n4. 禁止使用emoji\n\n【回答格式】\n📚 参考来源：《文档名称》\n\n\n【历史对话】\n【历史对话】\n用户: 捡到别人的失物怎么办？\n助手: 模型调用失败: \'ascii\' codec can\'t encode characters in position 10-11: ordinal not in range(128)\n用户: 捡到别人的失物怎么办？\n助手: 根据知识库内容，捡到他人的遗失物，应当按以下方式处理：\n\n1. 拾得遗失物后，应当返还权利人。拾得人应当及时通知权利人领取，或者将遗失物送交公安等有关部门。（《中华人民共和国民法典_20200528.docx》第三百一十四条）\n\n2. 在将遗失物送交有关部门前，拾得人应当妥善保管遗失物。因故意或者重大过失致使遗失物毁损、灭失的，应当承担民事责任。（《中华人民共和国民法典_20200528.docx》第三百一十六条）\n\n3. 如果拾得人侵占遗失物，则无权请求保管遗失物等支出的费用，也无权请求权利人按照承诺履行义务。（《中华人民共和国民法典_20200528.docx》第三百一十六条）\n\n4. 如果权利人悬赏寻找遗失物，领取遗失物时应当按照承诺履行义务。（《中华人民共和国民法典_20200528.docx》第三百一十七条）\n\n5. 权利人领取遗失物时，应当向拾得人或者有关部门支付保管遗失物等支出的必要费用。（《中华人民共和国民法典_20200528.docx》第三百一十七条）\n\n📚 参考来源：《中华人民共和国民法典_20200528.docx》\n用户: 离婚需要什么条件？\n助手: 根据知识库内容，离婚需要满足以下条件：\n\n1. 夫妻双方自愿离婚的，应当签订书面离婚协议，并亲自到婚姻登记机关申请离婚登记。离婚协议应当载明双方自愿离婚的意思表示和对子女抚养、财产以及债务处理等事项协商一致的意见。（《中华人民共和国民法典_20200528.docx》第一千零七十六条、第一千零七十七条）\n\n2. 如果通过诉讼离婚，人民法院审理离婚案件，应当进行调解；如果感情确已破裂，调解无效的，应当准予离婚。（《中华人民共和国民法典_20200528.docx》第一千零七十九条）\n\n3. 离婚时，如果一方生活困难，有负担能力的另一方应当给予适当帮助。具体办法由双方协议；协议不成的，由人民法院判决。（《中华人民共和国民法典_20200528.docx》第一千零九十条）\n\n4. 有下列情形之一，调解无效的，应当准予离婚：具体情形在知识库中未完整列出，建议结合完整法条理解。（《中华人民共和国民法典_20200528.docx》第一千零七十九条）\n\n📚 参考来源：《中华人民共和国民法典_20200528.docx》\n用户: 捡到别人的失物怎么办？\n助手: 抱歉，根据您提供的知识库内容，其中未包含关于捡到失物如何处理的相关法律规定。知识库中未找到相关信息，建议咨询专业律师。\n\n📚 参考来源：无\n用户: 离婚需要什么条件？\n助手: 抱歉，根据您提供的知识库内容，其中未包含关于离婚条件的相关信息。知识库中未找到相关信息，建议咨询专业律师。\n\n📚 参考来源：无\n\n【知识库参考（仅供参考）】\n\n\n【用户问题】\n离婚需要什么条件？\n\n【回答要求】\n1. 首先，如果【用户之前告诉我的重要信息】中有相关信息，请直接使用这些信息回答\n2. 只有当记忆中没有相关信息时，才使用知识库参考内容\n3. 不要重复用户已经提供的信息\n4. 禁止使用emoji\n\n请回答：', 'role': 'user'}], 'model': 'deepseek-chat', 'max_completion_tokens': 1024, 'stream': False, 'temperature': 0.3}}
2026-05-06 20:51:23,663 - core.rag_engine - ERROR - rag_engine.py:182 - LLM 调用失败: 'ascii' codec can't encode characters in position 10-11: ordinal not in range(128)
2026-05-06 20:51:23,666 - storage.redis_client - DEBUG - redis_client.py:86 - [Redis] 保存短期记忆: short_term:user:1:role:lawyer:session:conv_1_lawyer, 当前长度: 8
2026-05-06 20:51:23,666 - core.memory - DEBUG - memory.py:86 - [短期记忆] 已保存: user=1, role=lawyer
2026-05-06 20:51:23,698 - core.retriever - DEBUG - retriever.py:51 - [召回-Milvus] 10 个文档
2026-05-06 20:51:23,698 - core.retriever - DEBUG - retriever.py:78 - [召回-MySQL] 2 个文档
2026-05-06 20:51:23,700 - core.retriever - DEBUG - retriever.py:99 - [召回-Redis] 0 个文档
2026-05-06 20:51:23,701 - storage.redis_client - DEBUG - redis_client.py:114 - [Redis] 获取短期记忆: short_term:user:1:role:lawyer:session:conv_1_lawyer, 数量: 5
2026-05-06 20:51:23,701 - core.memory - DEBUG - memory.py:92 - [短期记忆] 获取到 5 条
2026-05-06 20:51:23,702 - openai._base_client - DEBUG - _base_client.py:487 - Request options: {'method': 'post', 'url': '/chat/completions', 'headers': {'X-Stainless-Raw-Response': 'true'}, 'files': None, 'idempotency_key': 'stainless-python-retry-926c0168-90ad-42c0-800c-ce76a21f8f1f', 'content': None, 'json_data': {'messages': [{'content': '你是法律咨询师，严谨普法。\n\n【重要规则】\n1. 只能回答知识库中明确包含的内容，不得编造任何法律条文\n2. 回答时必须明确引用来源，格式如：《民法典》第X条\n3. 如果知识库中没有相关信息，告知用户："知识库中未找到相关信息，建议咨询专业律师"\n4. 禁止使用emoji\n\n【回答格式】\n📚 参考来源：《文档名称》\n\n\n【历史对话】\n【历史对话】\n用户: 离婚需要什么条件？\n助手: 模型调用失败: \'ascii\' codec can\'t encode characters in position 10-11: ordinal not in range(128)\n用户: 捡到别人的失物怎么办？\n助手: 模型调用失败: \'ascii\' codec can\'t encode characters in position 10-11: ordinal not in range(128)\n用户: 捡到别人的失物怎么办？\n助手: 根据知识库内容，捡到他人的遗失物，应当按以下方式处理：\n\n1. 拾得遗失物后，应当返还权利人。拾得人应当及时通知权利人领取，或者将遗失物送交公安等有关部门。（《中华人民共和国民法典_20200528.docx》第三百一十四条）\n\n2. 在将遗失物送交有关部门前，拾得人应当妥善保管遗失物。因故意或者重大过失致使遗失物毁损、灭失的，应当承担民事责任。（《中华人民共和国民法典_20200528.docx》第三百一十六条）\n\n3. 如果拾得人侵占遗失物，则无权请求保管遗失物等支出的费用，也无权请求权利人按照承诺履行义务。（《中华人民共和国民法典_20200528.docx》第三百一十六条）\n\n4. 如果权利人悬赏寻找遗失物，领取遗失物时应当按照承诺履行义务。（《中华人民共和国民法典_20200528.docx》第三百一十七条）\n\n5. 权利人领取遗失物时，应当向拾得人或者有关部门支付保管遗失物等支出的必要费用。（《中华人民共和国民法典_20200528.docx》第三百一十七条）\n\n📚 参考来源：《中华人民共和国民法典_20200528.docx》\n用户: 离婚需要什么条件？\n助手: 根据知识库内容，离婚需要满足以下条件：\n\n1. 夫妻双方自愿离婚的，应当签订书面离婚协议，并亲自到婚姻登记机关申请离婚登记。离婚协议应当载明双方自愿离婚的意思表示和对子女抚养、财产以及债务处理等事项协商一致的意见。（《中华人民共和国民法典_20200528.docx》第一千零七十六条、第一千零七十七条）\n\n2. 如果通过诉讼离婚，人民法院审理离婚案件，应当进行调解；如果感情确已破裂，调解无效的，应当准予离婚。（《中华人民共和国民法典_20200528.docx》第一千零七十九条）\n\n3. 离婚时，如果一方生活困难，有负担能力的另一方应当给予适当帮助。具体办法由双方协议；协议不成的，由人民法院判决。（《中华人民共和国民法典_20200528.docx》第一千零九十条）\n\n4. 有下列情形之一，调解无效的，应当准予离婚：具体情形在知识库中未完整列出，建议结合完整法条理解。（《中华人民共和国民法典_20200528.docx》第一千零七十九条）\n\n📚 参考来源：《中华人民共和国民法典_20200528.docx》\n用户: 捡到别人的失物怎么办？\n助手: 抱歉，根据您提供的知识库内容，其中未包含关于捡到失物如何处理的相关法律规定。知识库中未找到相关信息，建议咨询专业律师。\n\n📚 参考来源：无\n\n【知识库参考（仅供参考）】\n\n\n【用户问题】\n我是个老师\n\n【回答要求】\n1. 首先，如果【用户之前告诉我的重要信息】中有相关信息，请直接使用这些信息回答\n2. 只有当记忆中没有相关信息时，才使用知识库参考内容\n3. 不要重复用户已经提供的信息\n4. 禁止使用emoji\n\n请回答：', 'role': 'user'}], 'model': 'deepseek-chat', 'max_completion_tokens': 1024, 'stream': False, 'temperature': 0.3}}
2026-05-06 20:51:23,703 - core.rag_engine - ERROR - rag_engine.py:182 - LLM 调用失败: 'ascii' codec can't encode characters in position 10-11: ordinal not in range(128)
2026-05-06 20:51:23,704 - storage.redis_client - DEBUG - redis_client.py:86 - [Redis] 保存短期记忆: short_term:user:1:role:lawyer:session:conv_1_lawyer, 当前长度: 9
2026-05-06 20:51:23,704 - core.memory - DEBUG - memory.py:86 - [短期记忆] 已保存: user=1, role=lawyer
2026-05-06 20:51:23,720 - core.memory - INFO - memory.py:52 - 长期记忆集合向量维度: 1024
2026-05-06 20:51:25,168 - core.memory - INFO - memory.py:73 - 长期记忆集合已创建: long_term_memory, 维度: 1024
2026-05-06 20:51:25,984 - core.retriever - DEBUG - retriever.py:51 - [召回-Milvus] 10 个文档
2026-05-06 20:51:25,985 - core.retriever - DEBUG - retriever.py:78 - [召回-MySQL] 0 个文档
2026-05-06 20:51:25,985 - core.retriever - DEBUG - retriever.py:99 - [召回-Redis] 0 个文档
2026-05-06 20:51:25,986 - storage.redis_client - DEBUG - redis_client.py:114 - [Redis] 获取短期记忆: short_term:user:1:role:lawyer:session:conv_1_lawyer, 数量: 5
2026-05-06 20:51:25,986 - core.memory - DEBUG - memory.py:92 - [短期记忆] 获取到 5 条
2026-05-06 20:51:25,988 - openai._base_client - DEBUG - _base_client.py:487 - Request options: {'method': 'post', 'url': '/chat/completions', 'headers': {'X-Stainless-Raw-Response': 'true'}, 'files': None, 'idempotency_key': 'stainless-python-retry-eecc1b50-c24b-462b-a271-6cd1c41413b9', 'content': None, 'json_data': {'messages': [{'content': '你是法律咨询师，严谨普法。\n\n【重要规则】\n1. 只能回答知识库中明确包含的内容，不得编造任何法律条文\n2. 回答时必须明确引用来源，格式如：《民法典》第X条\n3. 如果知识库中没有相关信息，告知用户："知识库中未找到相关信息，建议咨询专业律师"\n4. 禁止使用emoji\n\n【回答格式】\n📚 参考来源：《文档名称》\n\n\n【历史对话】\n【历史对话】\n用户: 我是个老师\n助手: 模型调用失败: \'ascii\' codec can\'t encode characters in position 10-11: ordinal not in range(128)\n用户: 离婚需要什么条件？\n助手: 模型调用失败: \'ascii\' codec can\'t encode characters in position 10-11: ordinal not in range(128)\n用户: 捡到别人的失物怎么办？\n助手: 模型调用失败: \'ascii\' codec can\'t encode characters in position 10-11: ordinal not in range(128)\n用户: 捡到别人的失物怎么办？\n助手: 根据知识库内容，捡到他人的遗失物，应当按以下方式处理：\n\n1. 拾得遗失物后，应当返还权利人。拾得人应当及时通知权利人领取，或者将遗失物送交公安等有关部门。（《中华人民共和国民法典_20200528.docx》第三百一十四条）\n\n2. 在将遗失物送交有关部门前，拾得人应当妥善保管遗失物。因故意或者重大过失致使遗失物毁损、灭失的，应当承担民事责任。（《中华人民共和国民法典_20200528.docx》第三百一十六条）\n\n3. 如果拾得人侵占遗失物，则无权请求保管遗失物等支出的费用，也无权请求权利人按照承诺履行义务。（《中华人民共和国民法典_20200528.docx》第三百一十六条）\n\n4. 如果权利人悬赏寻找遗失物，领取遗失物时应当按照承诺履行义务。（《中华人民共和国民法典_20200528.docx》第三百一十七条）\n\n5. 权利人领取遗失物时，应当向拾得人或者有关部门支付保管遗失物等支出的必要费用。（《中华人民共和国民法典_20200528.docx》第三百一十七条）\n\n📚 参考来源：《中华人民共和国民法典_20200528.docx》\n用户: 离婚需要什么条件？\n助手: 根据知识库内容，离婚需要满足以下条件：\n\n1. 夫妻双方自愿离婚的，应当签订书面离婚协议，并亲自到婚姻登记机关申请离婚登记。离婚协议应当载明双方自愿离婚的意思表示和对子女抚养、财产以及债务处理等事项协商一致的意见。（《中华人民共和国民法典_20200528.docx》第一千零七十六条、第一千零七十七条）\n\n2. 如果通过诉讼离婚，人民法院审理离婚案件，应当进行调解；如果感情确已破裂，调解无效的，应当准予离婚。（《中华人民共和国民法典_20200528.docx》第一千零七十九条）\n\n3. 离婚时，如果一方生活困难，有负担能力的另一方应当给予适当帮助。具体办法由双方协议；协议不成的，由人民法院判决。（《中华人民共和国民法典_20200528.docx》第一千零九十条）\n\n4. 有下列情形之一，调解无效的，应当准予离婚：具体情形在知识库中未完整列出，建议结合完整法条理解。（《中华人民共和国民法典_20200528.docx》第一千零七十九条）\n\n📚 参考来源：《中华人民共和国民法典_20200528.docx》\n\n【知识库参考（仅供参考）】\n\n\n【用户问题】\n我是什么职业\n\n【回答要求】\n1. 首先，如果【用户之前告诉我的重要信息】中有相关信息，请直接使用这些信息回答\n2. 只有当记忆中没有相关信息时，才使用知识库参考内容\n3. 不要重复用户已经提供的信息\n4. 禁止使用emoji\n\n请回答：', 'role': 'user'}], 'model': 'deepseek-chat', 'max_completion_tokens': 1024, 'stream': False, 'temperature': 0.3}}
2026-05-06 20:51:25,988 - core.rag_engine - ERROR - rag_engine.py:182 - LLM 调用失败: 'ascii' codec can't encode characters in position 10-11: ordinal not in range(128)
2026-05-06 20:51:25,989 - storage.redis_client - DEBUG - redis_client.py:86 - [Redis] 保存短期记忆: short_term:user:1:role:lawyer:session:conv_1_lawyer, 当前长度: 10
2026-05-06 20:51:25,989 - core.memory - DEBUG - memory.py:86 - [短期记忆] 已保存: user=1, role=lawyer
2026-05-06 20:58:04,665 - main - INFO - main.py:131 - 正在关闭服务...
2026-05-06 20:58:48,032 - datasets - DEBUG - config.py:54 - PyTorch version 2.11.0+cu128 available.
2026-05-06 20:58:51,004 - asyncio - DEBUG - selector_events.py:54 - Using selector: SelectSelector
2026-05-06 20:58:51,124 - main - INFO - main.py:79 - ==================================================
2026-05-06 20:58:51,124 - main - INFO - main.py:80 - 启动 RAG 角色扮演系统
2026-05-06 20:58:51,124 - main - INFO - main.py:81 - ==================================================
2026-05-06 20:58:51,157 - storage.mysql_client - INFO - mysql_client.py:54 - MySQL 连接成功: localhost:3306/rag_chatbot
2026-05-06 20:58:51,172 - storage.redis_client - INFO - redis_client.py:51 - Redis 连接成功: localhost:6379
2026-05-06 20:58:51,278 - storage.milvus_client - INFO - milvus_client.py:51 - Milvus 连接成功: localhost:19530
2026-05-06 20:58:51,280 - main - INFO - main.py:88 - 所有服务连接成功
2026-05-06 20:58:51,348 - main - INFO - main.py:40 - 加载 Embedding 模型: F:\4--专业所有安装的软件及改动设置\2-6--专高6\bge-m3
2026-05-06 20:58:51,364 - sentence_transformers.base.model - INFO - model.py:177 - No device provided, using cuda:0
2026-05-06 20:58:51,366 - sentence_transformers.base.model - INFO - model.py:973 - Loading SentenceTransformer model from F:\4--专业所有安装的软件及改动设置\2-6--专高6\bge-m3.
2026-05-06 20:58:55,136 - sentence_transformers.base.modules.transformer - DEBUG - transformer.py:728 - Active modality config: {'text': {'method': 'forward', 'method_output_name': 'last_hidden_state'}}
2026-05-06 20:58:59,739 - langchain_community.vectorstores.milvus - DEBUG - milvus.py:281 - Using previous connection: default
2026-05-06 20:58:59,996 - main - INFO - main.py:105 - 加载已有向量库: rag_chatbot_v2
2026-05-06 20:59:00,010 - sentence_transformers.base.model - INFO - model.py:962 - No modules.json found for F:\4--专业所有安装的软件及改动设置\2-3--专高3\3-bge-reranker-base\bge-reranker-base, initializing a new CrossEncoder model.
2026-05-06 20:59:03,686 - sentence_transformers.base.modules.transformer - DEBUG - transformer.py:728 - Active modality config: {'text': {'method': 'forward', 'method_output_name': 'logits'}}
2026-05-06 20:59:03,700 - core.rag_engine - INFO - rag_engine.py:57 - [Reranker] BGE 重排序器加载成功 (device=cpu)
2026-05-06 20:59:03,702 - main - INFO - main.py:126 - RAG 组件初始化成功
2026-05-06 21:14:07,677 - core.retriever - DEBUG - retriever.py:51 - [召回-Milvus] 10 个文档
2026-05-06 21:14:07,678 - core.retriever - DEBUG - retriever.py:78 - [召回-MySQL] 1 个文档
2026-05-06 21:14:07,679 - core.retriever - DEBUG - retriever.py:99 - [召回-Redis] 0 个文档
2026-05-06 21:14:07,680 - storage.redis_client - DEBUG - redis_client.py:114 - [Redis] 获取短期记忆: short_term:user:1:role:lawyer:session:conv_1_lawyer, 数量: 5
2026-05-06 21:14:07,680 - core.memory - DEBUG - memory.py:92 - [短期记忆] 获取到 5 条
2026-05-06 21:14:07,696 - urllib3.connectionpool - DEBUG - connectionpool.py:241 - Starting new HTTP connection (1): localhost:11434
2026-05-06 21:14:20,755 - urllib3.connectionpool - DEBUG - connectionpool.py:544 - http://localhost:11434 "POST /api/generate HTTP/1.1" 200 None
2026-05-06 21:14:40,883 - storage.redis_client - DEBUG - redis_client.py:86 - [Redis] 保存短期记忆: short_term:user:1:role:lawyer:session:conv_1_lawyer, 当前长度: 11
2026-05-06 21:14:40,884 - core.memory - DEBUG - memory.py:86 - [短期记忆] 已保存: user=1, role=lawyer
2026-05-06 21:14:42,127 - core.retriever - DEBUG - retriever.py:51 - [召回-Milvus] 10 个文档
2026-05-06 21:14:42,129 - core.retriever - DEBUG - retriever.py:78 - [召回-MySQL] 5 个文档
2026-05-06 21:14:42,130 - core.retriever - DEBUG - retriever.py:99 - [召回-Redis] 0 个文档
2026-05-06 21:14:42,132 - storage.redis_client - DEBUG - redis_client.py:114 - [Redis] 获取短期记忆: short_term:user:1:role:lawyer:session:conv_1_lawyer, 数量: 5
2026-05-06 21:14:42,134 - core.memory - DEBUG - memory.py:92 - [短期记忆] 获取到 5 条
2026-05-06 21:14:42,137 - urllib3.connectionpool - DEBUG - connectionpool.py:241 - Starting new HTTP connection (1): localhost:11434
2026-05-06 21:14:45,517 - urllib3.connectionpool - DEBUG - connectionpool.py:544 - http://localhost:11434 "POST /api/generate HTTP/1.1" 200 None
2026-05-06 21:14:56,636 - storage.redis_client - DEBUG - redis_client.py:86 - [Redis] 保存短期记忆: short_term:user:1:role:lawyer:session:conv_1_lawyer, 当前长度: 12
2026-05-06 21:14:56,636 - core.memory - DEBUG - memory.py:86 - [短期记忆] 已保存: user=1, role=lawyer
2026-05-06 21:14:56,786 - core.retriever - DEBUG - retriever.py:51 - [召回-Milvus] 10 个文档
2026-05-06 21:14:56,786 - core.retriever - DEBUG - retriever.py:78 - [召回-MySQL] 2 个文档
2026-05-06 21:14:56,787 - core.retriever - DEBUG - retriever.py:99 - [召回-Redis] 0 个文档
2026-05-06 21:14:56,788 - storage.redis_client - DEBUG - redis_client.py:114 - [Redis] 获取短期记忆: short_term:user:1:role:lawyer:session:conv_1_lawyer, 数量: 5
2026-05-06 21:14:56,788 - core.memory - DEBUG - memory.py:92 - [短期记忆] 获取到 5 条
2026-05-06 21:14:56,789 - urllib3.connectionpool - DEBUG - connectionpool.py:241 - Starting new HTTP connection (1): localhost:11434
2026-05-06 21:14:59,938 - urllib3.connectionpool - DEBUG - connectionpool.py:544 - http://localhost:11434 "POST /api/generate HTTP/1.1" 200 None
2026-05-06 21:15:09,454 - storage.redis_client - DEBUG - redis_client.py:86 - [Redis] 保存短期记忆: short_term:user:1:role:lawyer:session:conv_1_lawyer, 当前长度: 13
2026-05-06 21:15:09,454 - core.memory - DEBUG - memory.py:86 - [短期记忆] 已保存: user=1, role=lawyer
2026-05-06 21:15:21,046 - core.retriever - DEBUG - retriever.py:51 - [召回-Milvus] 10 个文档
2026-05-06 21:15:21,048 - core.retriever - DEBUG - retriever.py:78 - [召回-MySQL] 0 个文档
2026-05-06 21:15:21,050 - core.retriever - DEBUG - retriever.py:99 - [召回-Redis] 0 个文档
2026-05-06 21:15:21,053 - storage.redis_client - DEBUG - redis_client.py:114 - [Redis] 获取短期记忆: short_term:user:1:role:lawyer:session:conv_1_lawyer, 数量: 5
2026-05-06 21:15:21,054 - core.memory - DEBUG - memory.py:92 - [短期记忆] 获取到 5 条
2026-05-06 21:15:21,059 - urllib3.connectionpool - DEBUG - connectionpool.py:241 - Starting new HTTP connection (1): localhost:11434
2026-05-06 21:15:24,170 - urllib3.connectionpool - DEBUG - connectionpool.py:544 - http://localhost:11434 "POST /api/generate HTTP/1.1" 200 None
2026-05-06 21:15:30,264 - storage.redis_client - DEBUG - redis_client.py:86 - [Redis] 保存短期记忆: short_term:user:1:role:lawyer:session:conv_1_lawyer, 当前长度: 14
2026-05-06 21:15:30,264 - core.memory - DEBUG - memory.py:86 - [短期记忆] 已保存: user=1, role=lawyer
2026-05-06 21:15:41,690 - core.retriever - DEBUG - retriever.py:51 - [召回-Milvus] 10 个文档
2026-05-06 21:15:41,691 - core.retriever - DEBUG - retriever.py:78 - [召回-MySQL] 0 个文档
2026-05-06 21:15:41,692 - core.retriever - DEBUG - retriever.py:99 - [召回-Redis] 0 个文档
2026-05-06 21:15:41,692 - storage.redis_client - DEBUG - redis_client.py:102 - [Redis] 短期记忆不存在: short_term:user:1:role:friend:session:conv_1_friend
2026-05-06 21:15:50,890 - storage.redis_client - DEBUG - redis_client.py:86 - [Redis] 保存短期记忆: short_term:user:1:role:friend:session:conv_1_friend, 当前长度: 1
2026-05-06 21:15:50,890 - core.memory - DEBUG - memory.py:86 - [短期记忆] 已保存: user=1, role=friend
2026-05-06 21:20:51,454 - main - INFO - main.py:131 - 正在关闭服务...
2026-05-06 21:21:28,793 - datasets - DEBUG - config.py:54 - PyTorch version 2.11.0+cu128 available.
2026-05-06 21:21:32,155 - asyncio - DEBUG - selector_events.py:54 - Using selector: SelectSelector
2026-05-06 21:21:32,295 - main - INFO - main.py:79 - ==================================================
2026-05-06 21:21:32,296 - main - INFO - main.py:80 - 启动 RAG 角色扮演系统
2026-05-06 21:21:32,297 - main - INFO - main.py:81 - ==================================================
2026-05-06 21:21:32,331 - storage.mysql_client - INFO - mysql_client.py:54 - MySQL 连接成功: localhost:3306/rag_chatbot
2026-05-06 21:21:32,361 - storage.redis_client - INFO - redis_client.py:51 - Redis 连接成功: localhost:6379
2026-05-06 21:21:32,463 - storage.milvus_client - INFO - milvus_client.py:51 - Milvus 连接成功: localhost:19530
2026-05-06 21:21:32,463 - main - INFO - main.py:88 - 所有服务连接成功
2026-05-06 21:21:32,528 - main - INFO - main.py:40 - 加载 Embedding 模型: F:\4--专业所有安装的软件及改动设置\2-6--专高6\bge-m3
2026-05-06 21:21:32,543 - sentence_transformers.base.model - INFO - model.py:177 - No device provided, using cuda:0
2026-05-06 21:21:32,545 - sentence_transformers.base.model - INFO - model.py:973 - Loading SentenceTransformer model from F:\4--专业所有安装的软件及改动设置\2-6--专高6\bge-m3.
2026-05-06 21:21:36,408 - sentence_transformers.base.modules.transformer - DEBUG - transformer.py:728 - Active modality config: {'text': {'method': 'forward', 'method_output_name': 'last_hidden_state'}}
2026-05-06 21:21:41,006 - langchain_community.vectorstores.milvus - DEBUG - milvus.py:281 - Using previous connection: default
2026-05-06 21:21:41,159 - main - INFO - main.py:105 - 加载已有向量库: rag_chatbot_v2
2026-05-06 21:21:41,175 - sentence_transformers.base.model - INFO - model.py:962 - No modules.json found for F:\4--专业所有安装的软件及改动设置\2-3--专高3\3-bge-reranker-base\bge-reranker-base, initializing a new CrossEncoder model.
2026-05-06 21:21:45,155 - sentence_transformers.base.modules.transformer - DEBUG - transformer.py:728 - Active modality config: {'text': {'method': 'forward', 'method_output_name': 'logits'}}
2026-05-06 21:21:45,167 - core.rag_engine - INFO - rag_engine.py:57 - [Reranker] BGE 重排序器加载成功 (device=cpu)
2026-05-06 21:21:45,170 - main - INFO - main.py:126 - RAG 组件初始化成功
2026-05-06 21:22:49,167 - main - INFO - main.py:131 - 正在关闭服务...
2026-05-06 21:23:07,451 - datasets - DEBUG - config.py:54 - PyTorch version 2.11.0+cu128 available.
2026-05-06 21:23:42,621 - datasets - DEBUG - config.py:54 - PyTorch version 2.11.0+cu128 available.
2026-05-06 21:23:45,439 - asyncio - DEBUG - selector_events.py:54 - Using selector: SelectSelector
2026-05-06 21:23:45,534 - main - INFO - main.py:79 - ==================================================
2026-05-06 21:23:45,535 - main - INFO - main.py:80 - 启动 RAG 角色扮演系统
2026-05-06 21:23:45,535 - main - INFO - main.py:81 - ==================================================
2026-05-06 21:23:45,550 - storage.mysql_client - INFO - mysql_client.py:54 - MySQL 连接成功: localhost:3306/rag_chatbot
2026-05-06 21:23:45,572 - storage.redis_client - INFO - redis_client.py:51 - Redis 连接成功: localhost:6379
2026-05-06 21:23:45,667 - storage.milvus_client - INFO - milvus_client.py:51 - Milvus 连接成功: localhost:19530
2026-05-06 21:23:45,668 - main - INFO - main.py:88 - 所有服务连接成功
2026-05-06 21:23:45,708 - main - INFO - main.py:40 - 加载 Embedding 模型: F:\4--专业所有安装的软件及改动设置\2-6--专高6\bge-m3
2026-05-06 21:23:45,715 - sentence_transformers.base.model - INFO - model.py:177 - No device provided, using cuda:0
2026-05-06 21:23:45,716 - sentence_transformers.base.model - INFO - model.py:973 - Loading SentenceTransformer model from F:\4--专业所有安装的软件及改动设置\2-6--专高6\bge-m3.
2026-05-06 21:23:52,115 - sentence_transformers.base.modules.transformer - DEBUG - transformer.py:728 - Active modality config: {'text': {'method': 'forward', 'method_output_name': 'last_hidden_state'}}
2026-05-06 21:23:57,055 - langchain_community.vectorstores.milvus - DEBUG - milvus.py:281 - Using previous connection: default
2026-05-06 21:23:57,262 - main - INFO - main.py:105 - 加载已有向量库: rag_chatbot_v2
2026-05-06 21:23:57,277 - sentence_transformers.base.model - INFO - model.py:962 - No modules.json found for F:\4--专业所有安装的软件及改动设置\2-3--专高3\3-bge-reranker-base\bge-reranker-base, initializing a new CrossEncoder model.
2026-05-06 21:24:01,165 - sentence_transformers.base.modules.transformer - DEBUG - transformer.py:728 - Active modality config: {'text': {'method': 'forward', 'method_output_name': 'logits'}}
2026-05-06 21:24:01,178 - core.rag_engine - INFO - rag_engine.py:57 - [Reranker] BGE 重排序器加载成功 (device=cpu)
2026-05-06 21:24:01,180 - main - INFO - main.py:126 - RAG 组件初始化成功
2026-05-06 21:24:59,805 - core.rag_engine - DEBUG - rag_engine.py:72 - [Reranker] 重排序完成: 10 -> 5
2026-05-06 21:24:59,807 - core.rag_engine - INFO - rag_engine.py:126 - [RAG] 检索到 5 个文档, context长度: 3689
2026-05-06 21:24:59,811 - storage.redis_client - DEBUG - redis_client.py:114 - [Redis] 获取短期记忆: short_term:user:1:role:lawyer:session:conv_1_lawyer, 数量: 5
2026-05-06 21:24:59,812 - core.memory - DEBUG - memory.py:92 - [短期记忆] 获取到 5 条
2026-05-06 21:24:59,856 - urllib3.connectionpool - DEBUG - connectionpool.py:241 - Starting new HTTP connection (1): localhost:11434
2026-05-06 21:25:07,596 - urllib3.connectionpool - DEBUG - connectionpool.py:544 - http://localhost:11434 "POST /api/generate HTTP/1.1" 200 None
2026-05-06 21:25:25,739 - storage.redis_client - DEBUG - redis_client.py:86 - [Redis] 保存短期记忆: short_term:user:1:role:lawyer:session:conv_1_lawyer, 当前长度: 15
2026-05-06 21:25:25,740 - core.memory - DEBUG - memory.py:86 - [短期记忆] 已保存: user=1, role=lawyer
2026-05-06 21:25:37,235 - core.rag_engine - DEBUG - rag_engine.py:72 - [Reranker] 重排序完成: 10 -> 5
2026-05-06 21:25:37,235 - core.rag_engine - INFO - rag_engine.py:126 - [RAG] 检索到 5 个文档, context长度: 3277
2026-05-06 21:25:37,243 - storage.redis_client - DEBUG - redis_client.py:114 - [Redis] 获取短期记忆: short_term:user:1:role:lawyer:session:conv_1_lawyer, 数量: 5
2026-05-06 21:25:37,243 - core.memory - DEBUG - memory.py:92 - [短期记忆] 获取到 5 条
2026-05-06 21:25:37,249 - urllib3.connectionpool - DEBUG - connectionpool.py:241 - Starting new HTTP connection (1): localhost:11434
2026-05-06 21:25:42,613 - urllib3.connectionpool - DEBUG - connectionpool.py:544 - http://localhost:11434 "POST /api/generate HTTP/1.1" 200 None
2026-05-06 21:25:53,955 - storage.redis_client - DEBUG - redis_client.py:86 - [Redis] 保存短期记忆: short_term:user:1:role:lawyer:session:conv_1_lawyer, 当前长度: 16
2026-05-06 21:25:53,956 - core.memory - DEBUG - memory.py:86 - [短期记忆] 已保存: user=1, role=lawyer
2026-05-06 21:25:53,978 - python_multipart.multipart - DEBUG - multipart.py:636 - Calling on_part_begin with no data
2026-05-06 21:25:53,979 - python_multipart.multipart - DEBUG - multipart.py:633 - Calling on_header_field with data[36:55]
2026-05-06 21:25:53,980 - python_multipart.multipart - DEBUG - multipart.py:633 - Calling on_header_value with data[57:87]
2026-05-06 21:25:53,981 - python_multipart.multipart - DEBUG - multipart.py:636 - Calling on_header_end with no data
2026-05-06 21:25:53,982 - python_multipart.multipart - DEBUG - multipart.py:636 - Calling on_headers_finished with no data
2026-05-06 21:25:53,984 - python_multipart.multipart - DEBUG - multipart.py:633 - Calling on_part_data with data[91:95]
2026-05-06 21:25:53,985 - python_multipart.multipart - DEBUG - multipart.py:636 - Calling on_part_end with no data
2026-05-06 21:25:53,985 - python_multipart.multipart - DEBUG - multipart.py:636 - Calling on_part_begin with no data
2026-05-06 21:25:53,986 - python_multipart.multipart - DEBUG - multipart.py:633 - Calling on_header_field with data[133:152]
2026-05-06 21:25:53,987 - python_multipart.multipart - DEBUG - multipart.py:633 - Calling on_header_value with data[154:204]
2026-05-06 21:25:53,988 - python_multipart.multipart - DEBUG - multipart.py:636 - Calling on_header_end with no data
2026-05-06 21:25:53,989 - python_multipart.multipart - DEBUG - multipart.py:633 - Calling on_header_field with data[206:218]
2026-05-06 21:25:53,990 - python_multipart.multipart - DEBUG - multipart.py:633 - Calling on_header_value with data[220:230]
2026-05-06 21:25:53,991 - python_multipart.multipart - DEBUG - multipart.py:636 - Calling on_header_end with no data
2026-05-06 21:25:53,992 - python_multipart.multipart - DEBUG - multipart.py:636 - Calling on_headers_finished with no data
2026-05-06 21:25:53,993 - python_multipart.multipart - DEBUG - multipart.py:633 - Calling on_part_data with data[234:360]
2026-05-06 21:25:53,994 - python_multipart.multipart - DEBUG - multipart.py:636 - Calling on_part_end with no data
2026-05-06 21:25:53,994 - python_multipart.multipart - DEBUG - multipart.py:636 - Calling on_end with no data
2026-05-06 21:25:54,002 - processor.data_processor - INFO - data_processor.py:140 - 加载文件: test_upload.txt
2026-05-06 21:25:54,007 - processor.data_processor - INFO - data_processor.py:142 -   提取 1 段文本
2026-05-06 21:25:54,011 - processor.data_processor - INFO - data_processor.py:376 -   分块参数: chunk_size=800, overlap=100
2026-05-06 21:26:02,284 - core.rag_engine - DEBUG - rag_engine.py:72 - [Reranker] 重排序完成: 10 -> 5
2026-05-06 21:26:02,286 - core.rag_engine - INFO - rag_engine.py:126 - [RAG] 检索到 5 个文档, context长度: 3767
2026-05-06 21:26:02,289 - storage.redis_client - DEBUG - redis_client.py:114 - [Redis] 获取短期记忆: short_term:user:1:role:lawyer:session:conv_1_lawyer, 数量: 5
2026-05-06 21:26:02,290 - core.memory - DEBUG - memory.py:92 - [短期记忆] 获取到 5 条
2026-05-06 21:26:02,296 - urllib3.connectionpool - DEBUG - connectionpool.py:241 - Starting new HTTP connection (1): localhost:11434
2026-05-06 21:26:08,079 - urllib3.connectionpool - DEBUG - connectionpool.py:544 - http://localhost:11434 "POST /api/generate HTTP/1.1" 200 None
2026-05-06 21:26:21,706 - storage.redis_client - DEBUG - redis_client.py:86 - [Redis] 保存短期记忆: short_term:user:1:role:lawyer:session:conv_1_lawyer, 当前长度: 17
2026-05-06 21:26:21,706 - core.memory - DEBUG - memory.py:86 - [短期记忆] 已保存: user=1, role=lawyer
2026-05-06 21:26:41,268 - core.rag_engine - DEBUG - rag_engine.py:72 - [Reranker] 重排序完成: 10 -> 5
2026-05-06 21:26:41,269 - core.rag_engine - INFO - rag_engine.py:126 - [RAG] 检索到 5 个文档, context长度: 3628
2026-05-06 21:26:41,275 - storage.redis_client - DEBUG - redis_client.py:114 - [Redis] 获取短期记忆: short_term:user:1:role:lawyer:session:conv_1_lawyer, 数量: 5
2026-05-06 21:26:41,276 - core.memory - DEBUG - memory.py:92 - [短期记忆] 获取到 5 条
2026-05-06 21:26:41,282 - urllib3.connectionpool - DEBUG - connectionpool.py:241 - Starting new HTTP connection (1): localhost:11434
2026-05-06 21:26:47,030 - urllib3.connectionpool - DEBUG - connectionpool.py:544 - http://localhost:11434 "POST /api/generate HTTP/1.1" 200 None
2026-05-06 21:26:56,479 - storage.redis_client - DEBUG - redis_client.py:86 - [Redis] 保存短期记忆: short_term:user:1:role:lawyer:session:conv_1_lawyer, 当前长度: 18
2026-05-06 21:26:56,480 - core.memory - DEBUG - memory.py:86 - [短期记忆] 已保存: user=1, role=lawyer
2026-05-06 21:27:15,133 - core.rag_engine - DEBUG - rag_engine.py:72 - [Reranker] 重排序完成: 10 -> 5
2026-05-06 21:27:15,135 - core.rag_engine - INFO - rag_engine.py:126 - [RAG] 检索到 5 个文档, context长度: 3326
2026-05-06 21:27:15,139 - storage.redis_client - DEBUG - redis_client.py:114 - [Redis] 获取短期记忆: short_term:user:1:role:friend:session:conv_1_friend, 数量: 1
2026-05-06 21:27:15,140 - core.memory - DEBUG - memory.py:92 - [短期记忆] 获取到 1 条
2026-05-06 21:27:25,896 - storage.redis_client - DEBUG - redis_client.py:86 - [Redis] 保存短期记忆: short_term:user:1:role:friend:session:conv_1_friend, 当前长度: 2
2026-05-06 21:27:25,897 - core.memory - DEBUG - memory.py:86 - [短期记忆] 已保存: user=1, role=friend
2026-05-06 21:32:26,397 - main - INFO - main.py:131 - 正在关闭服务...
2026-05-06 21:33:04,611 - datasets - DEBUG - config.py:54 - PyTorch version 2.11.0+cu128 available.
2026-05-06 21:33:07,447 - asyncio - DEBUG - selector_events.py:54 - Using selector: SelectSelector
2026-05-06 21:33:07,604 - main - INFO - main.py:79 - ==================================================
2026-05-06 21:33:07,605 - main - INFO - main.py:80 - 启动 RAG 角色扮演系统
2026-05-06 21:33:07,606 - main - INFO - main.py:81 - ==================================================
2026-05-06 21:33:07,643 - storage.mysql_client - INFO - mysql_client.py:54 - MySQL 连接成功: localhost:3306/rag_chatbot
2026-05-06 21:33:07,663 - storage.redis_client - INFO - redis_client.py:51 - Redis 连接成功: localhost:6379
2026-05-06 21:33:07,780 - storage.milvus_client - INFO - milvus_client.py:51 - Milvus 连接成功: localhost:19530
2026-05-06 21:33:07,781 - main - INFO - main.py:88 - 所有服务连接成功
2026-05-06 21:33:07,847 - main - INFO - main.py:40 - 加载 Embedding 模型: F:\4--专业所有安装的软件及改动设置\2-6--专高6\bge-m3
2026-05-06 21:33:07,854 - sentence_transformers.base.model - INFO - model.py:177 - No device provided, using cuda:0
2026-05-06 21:33:07,857 - sentence_transformers.base.model - INFO - model.py:973 - Loading SentenceTransformer model from F:\4--专业所有安装的软件及改动设置\2-6--专高6\bge-m3.
2026-05-06 21:33:11,766 - sentence_transformers.base.modules.transformer - DEBUG - transformer.py:728 - Active modality config: {'text': {'method': 'forward', 'method_output_name': 'last_hidden_state'}}
2026-05-06 21:33:16,576 - langchain_community.vectorstores.milvus - DEBUG - milvus.py:281 - Using previous connection: default
2026-05-06 21:33:16,775 - main - INFO - main.py:105 - 加载已有向量库: rag_chatbot_v2
2026-05-06 21:33:16,789 - sentence_transformers.base.model - INFO - model.py:962 - No modules.json found for F:\4--专业所有安装的软件及改动设置\2-3--专高3\3-bge-reranker-base\bge-reranker-base, initializing a new CrossEncoder model.
2026-05-06 21:33:21,211 - sentence_transformers.base.modules.transformer - DEBUG - transformer.py:728 - Active modality config: {'text': {'method': 'forward', 'method_output_name': 'logits'}}
2026-05-06 21:33:21,222 - core.rag_engine - INFO - rag_engine.py:57 - [Reranker] BGE 重排序器加载成功 (device=cpu)
2026-05-06 21:33:21,223 - main - INFO - main.py:126 - RAG 组件初始化成功
2026-05-06 21:34:58,684 - main - INFO - main.py:131 - 正在关闭服务...
2026-05-06 21:35:09,504 - datasets - DEBUG - config.py:54 - PyTorch version 2.11.0+cu128 available.
2026-05-06 21:35:18,000 - datasets - DEBUG - config.py:54 - PyTorch version 2.11.0+cu128 available.
2026-05-06 21:35:18,614 - asyncio - DEBUG - selector_events.py:54 - Using selector: SelectSelector
2026-05-06 21:35:18,639 - main - INFO - main.py:79 - ==================================================
2026-05-06 21:35:18,639 - main - INFO - main.py:80 - 启动 RAG 角色扮演系统
2026-05-06 21:35:18,640 - main - INFO - main.py:81 - ==================================================
2026-05-06 21:35:18,654 - storage.mysql_client - INFO - mysql_client.py:54 - MySQL 连接成功: localhost:3306/rag_chatbot
2026-05-06 21:35:18,660 - storage.redis_client - INFO - redis_client.py:51 - Redis 连接成功: localhost:6379
2026-05-06 21:35:18,716 - storage.milvus_client - INFO - milvus_client.py:51 - Milvus 连接成功: localhost:19530
2026-05-06 21:35:18,716 - main - INFO - main.py:88 - 所有服务连接成功
2026-05-06 21:35:18,729 - main - INFO - main.py:40 - 加载 Embedding 模型: F:\4--专业所有安装的软件及改动设置\2-6--专高6\bge-m3
2026-05-06 21:35:18,732 - sentence_transformers.base.model - INFO - model.py:177 - No device provided, using cuda:0
2026-05-06 21:35:18,733 - sentence_transformers.base.model - INFO - model.py:973 - Loading SentenceTransformer model from F:\4--专业所有安装的软件及改动设置\2-6--专高6\bge-m3.
2026-05-06 21:35:19,575 - sentence_transformers.base.modules.transformer - DEBUG - transformer.py:728 - Active modality config: {'text': {'method': 'forward', 'method_output_name': 'last_hidden_state'}}
2026-05-06 21:35:20,526 - langchain_community.vectorstores.milvus - DEBUG - milvus.py:281 - Using previous connection: default
2026-05-06 21:35:20,721 - main - INFO - main.py:105 - 加载已有向量库: rag_chatbot_v2
2026-05-06 21:35:20,725 - sentence_transformers.base.model - INFO - model.py:962 - No modules.json found for F:\4--专业所有安装的软件及改动设置\2-3--专高3\3-bge-reranker-base\bge-reranker-base, initializing a new CrossEncoder model.
2026-05-06 21:35:21,588 - sentence_transformers.base.modules.transformer - DEBUG - transformer.py:728 - Active modality config: {'text': {'method': 'forward', 'method_output_name': 'logits'}}
2026-05-06 21:35:21,589 - core.rag_engine - INFO - rag_engine.py:57 - [Reranker] BGE 重排序器加载成功 (device=cpu)
2026-05-06 21:35:21,590 - main - INFO - main.py:126 - RAG 组件初始化成功
2026-05-06 21:35:31,469 - core.rag_engine - DEBUG - rag_engine.py:72 - [Reranker] 重排序完成: 10 -> 5
2026-05-06 21:35:31,470 - core.rag_engine - INFO - rag_engine.py:126 - [RAG] 检索到 5 个文档, context长度: 3689
2026-05-06 21:35:31,471 - storage.redis_client - DEBUG - redis_client.py:114 - [Redis] 获取短期记忆: short_term:user:1:role:lawyer:session:conv_1_lawyer, 数量: 5
2026-05-06 21:35:31,472 - core.memory - DEBUG - memory.py:92 - [短期记忆] 获取到 5 条
2026-05-06 21:35:31,488 - urllib3.connectionpool - DEBUG - connectionpool.py:241 - Starting new HTTP connection (1): localhost:11434
2026-05-06 21:35:39,493 - urllib3.connectionpool - DEBUG - connectionpool.py:544 - http://localhost:11434 "POST /api/generate HTTP/1.1" 200 None
2026-05-06 21:35:54,367 - storage.redis_client - DEBUG - redis_client.py:86 - [Redis] 保存短期记忆: short_term:user:1:role:lawyer:session:conv_1_lawyer, 当前长度: 19
2026-05-06 21:35:54,368 - core.memory - DEBUG - memory.py:86 - [短期记忆] 已保存: user=1, role=lawyer
2026-05-06 21:36:03,301 - core.rag_engine - DEBUG - rag_engine.py:72 - [Reranker] 重排序完成: 10 -> 5
2026-05-06 21:36:03,301 - core.rag_engine - INFO - rag_engine.py:126 - [RAG] 检索到 5 个文档, context长度: 3277
2026-05-06 21:36:03,312 - storage.redis_client - DEBUG - redis_client.py:114 - [Redis] 获取短期记忆: short_term:user:1:role:lawyer:session:conv_1_lawyer, 数量: 5
2026-05-06 21:36:03,312 - core.memory - DEBUG - memory.py:92 - [短期记忆] 获取到 5 条
2026-05-06 21:36:03,319 - urllib3.connectionpool - DEBUG - connectionpool.py:241 - Starting new HTTP connection (1): localhost:11434
2026-05-06 21:36:08,523 - urllib3.connectionpool - DEBUG - connectionpool.py:544 - http://localhost:11434 "POST /api/generate HTTP/1.1" 200 None
2026-05-06 21:36:23,138 - storage.redis_client - DEBUG - redis_client.py:86 - [Redis] 保存短期记忆: short_term:user:1:role:lawyer:session:conv_1_lawyer, 当前长度: 20
2026-05-06 21:36:23,138 - core.memory - DEBUG - memory.py:86 - [短期记忆] 已保存: user=1, role=lawyer
2026-05-06 21:36:23,162 - python_multipart.multipart - DEBUG - multipart.py:636 - Calling on_part_begin with no data
2026-05-06 21:36:23,163 - python_multipart.multipart - DEBUG - multipart.py:633 - Calling on_header_field with data[36:55]
2026-05-06 21:36:23,164 - python_multipart.multipart - DEBUG - multipart.py:633 - Calling on_header_value with data[57:87]
2026-05-06 21:36:23,164 - python_multipart.multipart - DEBUG - multipart.py:636 - Calling on_header_end with no data
2026-05-06 21:36:23,165 - python_multipart.multipart - DEBUG - multipart.py:636 - Calling on_headers_finished with no data
2026-05-06 21:36:23,166 - python_multipart.multipart - DEBUG - multipart.py:633 - Calling on_part_data with data[91:95]
2026-05-06 21:36:23,167 - python_multipart.multipart - DEBUG - multipart.py:636 - Calling on_part_end with no data
2026-05-06 21:36:23,167 - python_multipart.multipart - DEBUG - multipart.py:636 - Calling on_part_begin with no data
2026-05-06 21:36:23,168 - python_multipart.multipart - DEBUG - multipart.py:633 - Calling on_header_field with data[133:152]
2026-05-06 21:36:23,169 - python_multipart.multipart - DEBUG - multipart.py:633 - Calling on_header_value with data[154:204]
2026-05-06 21:36:23,169 - python_multipart.multipart - DEBUG - multipart.py:636 - Calling on_header_end with no data
2026-05-06 21:36:23,170 - python_multipart.multipart - DEBUG - multipart.py:633 - Calling on_header_field with data[206:218]
2026-05-06 21:36:23,171 - python_multipart.multipart - DEBUG - multipart.py:633 - Calling on_header_value with data[220:230]
2026-05-06 21:36:23,171 - python_multipart.multipart - DEBUG - multipart.py:636 - Calling on_header_end with no data
2026-05-06 21:36:23,172 - python_multipart.multipart - DEBUG - multipart.py:636 - Calling on_headers_finished with no data
2026-05-06 21:36:23,173 - python_multipart.multipart - DEBUG - multipart.py:633 - Calling on_part_data with data[234:360]
2026-05-06 21:36:23,173 - python_multipart.multipart - DEBUG - multipart.py:636 - Calling on_part_end with no data
2026-05-06 21:36:23,174 - python_multipart.multipart - DEBUG - multipart.py:636 - Calling on_end with no data
2026-05-06 21:36:23,177 - processor.data_processor - INFO - data_processor.py:140 - 加载文件: test_upload.txt
2026-05-06 21:36:23,179 - processor.data_processor - INFO - data_processor.py:142 -   提取 1 段文本
2026-05-06 21:36:23,180 - processor.data_processor - INFO - data_processor.py:376 -   分块参数: chunk_size=800, overlap=100
2026-05-06 21:36:31,622 - core.rag_engine - DEBUG - rag_engine.py:72 - [Reranker] 重排序完成: 10 -> 5
2026-05-06 21:36:31,622 - core.rag_engine - INFO - rag_engine.py:126 - [RAG] 检索到 5 个文档, context长度: 3767
2026-05-06 21:36:31,630 - storage.redis_client - DEBUG - redis_client.py:114 - [Redis] 获取短期记忆: short_term:user:1:role:lawyer:session:conv_1_lawyer, 数量: 5
2026-05-06 21:36:31,631 - core.memory - DEBUG - memory.py:92 - [短期记忆] 获取到 5 条
2026-05-06 21:36:31,637 - urllib3.connectionpool - DEBUG - connectionpool.py:241 - Starting new HTTP connection (1): localhost:11434
2026-05-06 21:36:39,329 - urllib3.connectionpool - DEBUG - connectionpool.py:544 - http://localhost:11434 "POST /api/generate HTTP/1.1" 200 None
2026-05-06 21:36:46,684 - storage.redis_client - DEBUG - redis_client.py:86 - [Redis] 保存短期记忆: short_term:user:1:role:lawyer:session:conv_1_lawyer, 当前长度: 20
2026-05-06 21:36:46,685 - core.memory - DEBUG - memory.py:86 - [短期记忆] 已保存: user=1, role=lawyer
2026-05-06 21:37:00,149 - core.rag_engine - DEBUG - rag_engine.py:72 - [Reranker] 重排序完成: 10 -> 5
2026-05-06 21:37:00,149 - core.rag_engine - INFO - rag_engine.py:126 - [RAG] 检索到 5 个文档, context长度: 3628
2026-05-06 21:37:00,151 - storage.redis_client - DEBUG - redis_client.py:114 - [Redis] 获取短期记忆: short_term:user:1:role:lawyer:session:conv_1_lawyer, 数量: 5
2026-05-06 21:37:00,151 - core.memory - DEBUG - memory.py:92 - [短期记忆] 获取到 5 条
2026-05-06 21:37:00,152 - urllib3.connectionpool - DEBUG - connectionpool.py:241 - Starting new HTTP connection (1): localhost:11434
2026-05-06 21:37:05,749 - urllib3.connectionpool - DEBUG - connectionpool.py:544 - http://localhost:11434 "POST /api/generate HTTP/1.1" 200 None
2026-05-06 21:37:13,513 - storage.redis_client - DEBUG - redis_client.py:86 - [Redis] 保存短期记忆: short_term:user:1:role:lawyer:session:conv_1_lawyer, 当前长度: 20
2026-05-06 21:37:13,513 - core.memory - DEBUG - memory.py:86 - [短期记忆] 已保存: user=1, role=lawyer
2026-05-06 21:37:26,148 - core.rag_engine - DEBUG - rag_engine.py:72 - [Reranker] 重排序完成: 10 -> 5
2026-05-06 21:37:26,148 - core.rag_engine - INFO - rag_engine.py:126 - [RAG] 检索到 5 个文档, context长度: 3326
2026-05-06 21:37:26,150 - storage.redis_client - DEBUG - redis_client.py:114 - [Redis] 获取短期记忆: short_term:user:1:role:friend:session:conv_1_friend, 数量: 2
2026-05-06 21:37:26,150 - core.memory - DEBUG - memory.py:92 - [短期记忆] 获取到 2 条
2026-05-06 21:37:35,121 - storage.redis_client - DEBUG - redis_client.py:86 - [Redis] 保存短期记忆: short_term:user:1:role:friend:session:conv_1_friend, 当前长度: 3
2026-05-06 21:37:35,121 - core.memory - DEBUG - memory.py:86 - [短期记忆] 已保存: user=1, role=friend
2026-05-06 21:39:34,793 - core.rag_engine - DEBUG - rag_engine.py:72 - [Reranker] 重排序完成: 10 -> 5
2026-05-06 21:39:34,795 - core.rag_engine - INFO - rag_engine.py:126 - [RAG] 检索到 5 个文档, context长度: 1906
2026-05-06 21:39:34,795 - storage.redis_client - DEBUG - redis_client.py:102 - [Redis] 短期记忆不存在: short_term:user:2:role:lawyer:session:conv_1778074731306_2
2026-05-06 21:39:48,721 - storage.redis_client - DEBUG - redis_client.py:86 - [Redis] 保存短期记忆: short_term:user:2:role:lawyer:session:conv_1778074731306_2, 当前长度: 1
2026-05-06 21:39:48,722 - core.memory - DEBUG - memory.py:86 - [短期记忆] 已保存: user=2, role=lawyer
2026-05-06 21:40:33,730 - core.rag_engine - DEBUG - rag_engine.py:72 - [Reranker] 重排序完成: 10 -> 5
2026-05-06 21:40:33,731 - core.rag_engine - INFO - rag_engine.py:126 - [RAG] 检索到 5 个文档, context长度: 3272
2026-05-06 21:40:33,736 - storage.redis_client - DEBUG - redis_client.py:114 - [Redis] 获取短期记忆: short_term:user:2:role:lawyer:session:conv_1778074731306_2, 数量: 1
2026-05-06 21:40:33,737 - core.memory - DEBUG - memory.py:92 - [短期记忆] 获取到 1 条
2026-05-06 21:40:45,276 - storage.redis_client - DEBUG - redis_client.py:86 - [Redis] 保存短期记忆: short_term:user:2:role:lawyer:session:conv_1778074731306_2, 当前长度: 2
2026-05-06 21:40:45,276 - core.memory - DEBUG - memory.py:86 - [短期记忆] 已保存: user=2, role=lawyer
2026-05-06 21:51:45,791 - main - INFO - main.py:131 - 正在关闭服务...
2026-05-06 21:52:01,094 - datasets - DEBUG - config.py:54 - PyTorch version 2.11.0+cu128 available.
2026-05-06 21:52:09,521 - datasets - DEBUG - config.py:54 - PyTorch version 2.11.0+cu128 available.
2026-05-06 21:52:10,118 - asyncio - DEBUG - selector_events.py:54 - Using selector: SelectSelector
2026-05-06 21:52:10,151 - main - INFO - main.py:79 - ==================================================
2026-05-06 21:52:10,151 - main - INFO - main.py:80 - 启动 RAG 角色扮演系统
2026-05-06 21:52:10,151 - main - INFO - main.py:81 - ==================================================
2026-05-06 21:52:10,155 - storage.mysql_client - INFO - mysql_client.py:54 - MySQL 连接成功: localhost:3306/rag_chatbot
2026-05-06 21:52:10,158 - storage.redis_client - INFO - redis_client.py:51 - Redis 连接成功: localhost:6379
2026-05-06 21:52:10,222 - storage.milvus_client - INFO - milvus_client.py:51 - Milvus 连接成功: localhost:19530
2026-05-06 21:52:10,222 - main - INFO - main.py:88 - 所有服务连接成功
2026-05-06 21:52:10,244 - main - INFO - main.py:40 - 加载 Embedding 模型: F:\4--专业所有安装的软件及改动设置\2-6--专高6\bge-m3
2026-05-06 21:52:10,245 - sentence_transformers.base.model - INFO - model.py:177 - No device provided, using cuda:0
2026-05-06 21:52:10,247 - sentence_transformers.base.model - INFO - model.py:973 - Loading SentenceTransformer model from F:\4--专业所有安装的软件及改动设置\2-6--专高6\bge-m3.
2026-05-06 21:52:11,114 - sentence_transformers.base.modules.transformer - DEBUG - transformer.py:728 - Active modality config: {'text': {'method': 'forward', 'method_output_name': 'last_hidden_state'}}
2026-05-06 21:52:12,246 - langchain_community.vectorstores.milvus - DEBUG - milvus.py:281 - Using previous connection: default
2026-05-06 21:52:12,393 - main - INFO - main.py:105 - 加载已有向量库: rag_chatbot_v2
2026-05-06 21:52:12,395 - sentence_transformers.base.model - INFO - model.py:962 - No modules.json found for F:\4--专业所有安装的软件及改动设置\2-3--专高3\3-bge-reranker-base\bge-reranker-base, initializing a new CrossEncoder model.
2026-05-06 21:52:13,296 - sentence_transformers.base.modules.transformer - DEBUG - transformer.py:728 - Active modality config: {'text': {'method': 'forward', 'method_output_name': 'logits'}}
2026-05-06 21:52:13,299 - core.rag_engine - INFO - rag_engine.py:57 - [Reranker] BGE 重排序器加载成功 (device=cpu)
2026-05-06 21:52:13,299 - main - INFO - main.py:126 - RAG 组件初始化成功
2026-05-06 21:53:14,065 - core.rag_engine - DEBUG - rag_engine.py:72 - [Reranker] 重排序完成: 10 -> 5
2026-05-06 21:53:14,066 - core.rag_engine - INFO - rag_engine.py:126 - [RAG] 检索到 5 个文档, context长度: 3501
2026-05-06 21:53:14,072 - storage.redis_client - DEBUG - redis_client.py:114 - [Redis] 获取短期记忆: short_term:user:2:role:lawyer:session:conv_20260506_165224_2, 数量: 2
2026-05-06 21:53:14,073 - core.memory - DEBUG - memory.py:92 - [短期记忆] 获取到 2 条
2026-05-06 21:53:41,942 - storage.redis_client - DEBUG - redis_client.py:86 - [Redis] 保存短期记忆: short_term:user:2:role:lawyer:session:conv_20260506_165224_2, 当前长度: 3
2026-05-06 21:53:41,943 - core.memory - DEBUG - memory.py:86 - [短期记忆] 已保存: user=2, role=lawyer
2026-05-06 21:54:03,259 - core.rag_engine - DEBUG - rag_engine.py:72 - [Reranker] 重排序完成: 10 -> 5
2026-05-06 21:54:03,260 - core.rag_engine - INFO - rag_engine.py:126 - [RAG] 检索到 5 个文档, context长度: 3092
2026-05-06 21:54:03,262 - storage.redis_client - DEBUG - redis_client.py:114 - [Redis] 获取短期记忆: short_term:user:2:role:lawyer:session:conv_20260506_165224_2, 数量: 3
2026-05-06 21:54:03,262 - core.memory - DEBUG - memory.py:92 - [短期记忆] 获取到 3 条
2026-05-06 21:54:36,690 - storage.redis_client - DEBUG - redis_client.py:86 - [Redis] 保存短期记忆: short_term:user:2:role:lawyer:session:conv_20260506_165224_2, 当前长度: 4
2026-05-06 21:54:36,691 - core.memory - DEBUG - memory.py:86 - [短期记忆] 已保存: user=2, role=lawyer
2026-05-06 21:56:07,178 - core.rag_engine - DEBUG - rag_engine.py:72 - [Reranker] 重排序完成: 10 -> 5
2026-05-06 21:56:07,183 - core.rag_engine - INFO - rag_engine.py:126 - [RAG] 检索到 5 个文档, context长度: 2300
2026-05-06 21:56:07,183 - storage.redis_client - DEBUG - redis_client.py:114 - [Redis] 获取短期记忆: short_term:user:2:role:lawyer:session:conv_20260506_165224_2, 数量: 4
2026-05-06 21:56:07,183 - core.memory - DEBUG - memory.py:92 - [短期记忆] 获取到 4 条
2026-05-06 21:56:23,561 - storage.redis_client - DEBUG - redis_client.py:86 - [Redis] 保存短期记忆: short_term:user:2:role:lawyer:session:conv_20260506_165224_2, 当前长度: 5
2026-05-06 21:56:23,562 - core.memory - DEBUG - memory.py:86 - [短期记忆] 已保存: user=2, role=lawyer
2026-05-06 21:56:47,266 - core.rag_engine - DEBUG - rag_engine.py:72 - [Reranker] 重排序完成: 10 -> 5
2026-05-06 21:56:47,266 - core.rag_engine - INFO - rag_engine.py:126 - [RAG] 检索到 5 个文档, context长度: 3272
2026-05-06 21:56:47,268 - storage.redis_client - DEBUG - redis_client.py:114 - [Redis] 获取短期记忆: short_term:user:2:role:lawyer:session:conv_20260506_165224_2, 数量: 5
2026-05-06 21:56:47,268 - core.memory - DEBUG - memory.py:92 - [短期记忆] 获取到 5 条
2026-05-06 21:56:57,155 - storage.redis_client - DEBUG - redis_client.py:86 - [Redis] 保存短期记忆: short_term:user:2:role:lawyer:session:conv_20260506_165224_2, 当前长度: 6
2026-05-06 21:56:57,156 - core.memory - DEBUG - memory.py:86 - [短期记忆] 已保存: user=2, role=lawyer
2026-05-06 22:03:29,319 - core.rag_engine - DEBUG - rag_engine.py:72 - [Reranker] 重排序完成: 10 -> 5
2026-05-06 22:03:29,321 - core.rag_engine - INFO - rag_engine.py:126 - [RAG] 检索到 5 个文档, context长度: 3635
2026-05-06 22:03:29,325 - storage.redis_client - DEBUG - redis_client.py:102 - [Redis] 短期记忆不存在: short_term:user:2:role:lawyer:session:conv_1778076194731_2
2026-05-06 22:03:49,635 - storage.redis_client - DEBUG - redis_client.py:86 - [Redis] 保存短期记忆: short_term:user:2:role:lawyer:session:conv_1778076194731_2, 当前长度: 1
2026-05-06 22:03:49,636 - core.memory - DEBUG - memory.py:86 - [短期记忆] 已保存: user=2, role=lawyer
2026-05-06 22:07:13,791 - main - INFO - main.py:131 - 正在关闭服务...
2026-05-06 22:07:27,437 - datasets - DEBUG - config.py:54 - PyTorch version 2.11.0+cu128 available.
2026-05-06 22:07:36,470 - datasets - DEBUG - config.py:54 - PyTorch version 2.11.0+cu128 available.
2026-05-06 22:07:37,129 - asyncio - DEBUG - selector_events.py:54 - Using selector: SelectSelector
2026-05-06 22:07:37,158 - main - INFO - main.py:79 - ==================================================
2026-05-06 22:07:37,158 - main - INFO - main.py:80 - 启动 RAG 角色扮演系统
2026-05-06 22:07:37,159 - main - INFO - main.py:81 - ==================================================
2026-05-06 22:07:37,162 - storage.mysql_client - INFO - mysql_client.py:54 - MySQL 连接成功: localhost:3306/rag_chatbot
2026-05-06 22:07:37,167 - storage.redis_client - INFO - redis_client.py:51 - Redis 连接成功: localhost:6379
2026-05-06 22:07:37,227 - storage.milvus_client - INFO - milvus_client.py:51 - Milvus 连接成功: localhost:19530
2026-05-06 22:07:37,227 - main - INFO - main.py:88 - 所有服务连接成功
2026-05-06 22:07:37,242 - main - INFO - main.py:40 - 加载 Embedding 模型: F:\4--专业所有安装的软件及改动设置\2-6--专高6\bge-m3
2026-05-06 22:07:37,244 - sentence_transformers.base.model - INFO - model.py:177 - No device provided, using cuda:0
2026-05-06 22:07:37,244 - sentence_transformers.base.model - INFO - model.py:973 - Loading SentenceTransformer model from F:\4--专业所有安装的软件及改动设置\2-6--专高6\bge-m3.
2026-05-06 22:07:38,085 - sentence_transformers.base.modules.transformer - DEBUG - transformer.py:728 - Active modality config: {'text': {'method': 'forward', 'method_output_name': 'last_hidden_state'}}
2026-05-06 22:07:39,063 - langchain_community.vectorstores.milvus - DEBUG - milvus.py:281 - Using previous connection: default
2026-05-06 22:07:39,347 - main - INFO - main.py:105 - 加载已有向量库: rag_chatbot_v2
2026-05-06 22:07:39,351 - sentence_transformers.base.model - INFO - model.py:962 - No modules.json found for F:\4--专业所有安装的软件及改动设置\2-3--专高3\3-bge-reranker-base\bge-reranker-base, initializing a new CrossEncoder model.
2026-05-06 22:07:40,231 - sentence_transformers.base.modules.transformer - DEBUG - transformer.py:728 - Active modality config: {'text': {'method': 'forward', 'method_output_name': 'logits'}}
2026-05-06 22:07:40,233 - core.rag_engine - INFO - rag_engine.py:57 - [Reranker] BGE 重排序器加载成功 (device=cpu)
2026-05-06 22:07:40,234 - main - INFO - main.py:126 - RAG 组件初始化成功
2026-05-06 22:08:40,362 - core.rag_engine - DEBUG - rag_engine.py:72 - [Reranker] 重排序完成: 10 -> 5
2026-05-06 22:08:40,364 - core.rag_engine - INFO - rag_engine.py:126 - [RAG] 检索到 5 个文档, context长度: 3798
2026-05-06 22:08:40,368 - storage.redis_client - DEBUG - redis_client.py:102 - [Redis] 短期记忆不存在: short_term:user:2:role:lawyer:session:conv_1778076493051_2
2026-05-06 22:08:51,550 - storage.redis_client - DEBUG - redis_client.py:86 - [Redis] 保存短期记忆: short_term:user:2:role:lawyer:session:conv_1778076493051_2, 当前长度: 1
2026-05-06 22:08:51,550 - core.memory - DEBUG - memory.py:85 - [短期记忆] 已保存: user=2, role=lawyer
2026-05-06 22:29:35,613 - main - INFO - main.py:131 - 正在关闭服务...
2026-05-07 08:17:06,866 - datasets - DEBUG - config.py:54 - PyTorch version 2.11.0+cu128 available.
2026-05-07 08:17:24,769 - datasets - DEBUG - config.py:54 - PyTorch version 2.11.0+cu128 available.
2026-05-07 08:17:25,440 - asyncio - DEBUG - selector_events.py:54 - Using selector: SelectSelector
2026-05-07 08:17:25,483 - main - INFO - main.py:79 - ==================================================
2026-05-07 08:17:25,483 - main - INFO - main.py:80 - 启动 RAG 角色扮演系统
2026-05-07 08:17:25,483 - main - INFO - main.py:81 - ==================================================
2026-05-07 08:17:25,491 - storage.mysql_client - INFO - mysql_client.py:54 - MySQL 连接成功: localhost:3306/rag_chatbot
2026-05-07 08:17:25,498 - storage.redis_client - INFO - redis_client.py:51 - Redis 连接成功: localhost:6379
2026-05-07 08:17:25,608 - storage.milvus_client - INFO - milvus_client.py:51 - Milvus 连接成功: localhost:19530
2026-05-07 08:17:25,608 - main - INFO - main.py:88 - 所有服务连接成功
2026-05-07 08:17:25,627 - main - INFO - main.py:40 - 加载 Embedding 模型: F:\4--专业所有安装的软件及改动设置\2-6--专高6\bge-m3
2026-05-07 08:17:25,629 - sentence_transformers.base.model - INFO - model.py:177 - No device provided, using cuda:0
2026-05-07 08:17:25,631 - sentence_transformers.base.model - INFO - model.py:973 - Loading SentenceTransformer model from F:\4--专业所有安装的软件及改动设置\2-6--专高6\bge-m3.
2026-05-07 08:17:26,779 - sentence_transformers.base.modules.transformer - DEBUG - transformer.py:728 - Active modality config: {'text': {'method': 'forward', 'method_output_name': 'last_hidden_state'}}
2026-05-07 08:17:29,020 - langchain_community.vectorstores.milvus - DEBUG - milvus.py:281 - Using previous connection: default
2026-05-07 08:17:29,174 - main - INFO - main.py:105 - 加载已有向量库: rag_chatbot_v2
2026-05-07 08:17:29,177 - sentence_transformers.base.model - INFO - model.py:962 - No modules.json found for F:\4--专业所有安装的软件及改动设置\2-3--专高3\3-bge-reranker-base\bge-reranker-base, initializing a new CrossEncoder model.
2026-05-07 08:17:30,121 - sentence_transformers.base.modules.transformer - DEBUG - transformer.py:728 - Active modality config: {'text': {'method': 'forward', 'method_output_name': 'logits'}}
2026-05-07 08:17:30,123 - core.rag_engine - INFO - rag_engine.py:57 - [Reranker] BGE 重排序器加载成功 (device=cpu)
2026-05-07 08:17:30,124 - main - INFO - main.py:126 - RAG 组件初始化成功
2026-05-07 08:18:31,618 - core.rag_engine - DEBUG - rag_engine.py:72 - [Reranker] 重排序完成: 10 -> 5
2026-05-07 08:18:31,628 - core.rag_engine - INFO - rag_engine.py:126 - [RAG] 检索到 5 个文档, context长度: 3519
2026-05-07 08:18:31,632 - storage.redis_client - DEBUG - redis_client.py:102 - [Redis] 短期记忆不存在: short_term:user:2:role:lawyer:session:conv_1778113061221_2
2026-05-07 08:19:04,029 - storage.redis_client - DEBUG - redis_client.py:86 - [Redis] 保存短期记忆: short_term:user:2:role:lawyer:session:conv_1778113061221_2, 当前长度: 1
2026-05-07 08:19:04,030 - core.memory - DEBUG - memory.py:76 - [短期记忆] 已保存: user=2, role=lawyer
2026-05-07 08:28:42,169 - core.rag_engine - DEBUG - rag_engine.py:72 - [Reranker] 重排序完成: 10 -> 5
2026-05-07 08:28:42,171 - core.rag_engine - INFO - rag_engine.py:126 - [RAG] 检索到 5 个文档, context长度: 2270
2026-05-07 08:28:42,174 - storage.redis_client - DEBUG - redis_client.py:102 - [Redis] 短期记忆不存在: short_term:user:2:role:psychologist:session:conv_1778113701137_2
2026-05-07 08:29:13,286 - storage.redis_client - DEBUG - redis_client.py:86 - [Redis] 保存短期记忆: short_term:user:2:role:psychologist:session:conv_1778113701137_2, 当前长度: 1
2026-05-07 08:29:13,286 - core.memory - DEBUG - memory.py:76 - [短期记忆] 已保存: user=2, role=psychologist
2026-05-07 08:29:34,912 - main - INFO - main.py:131 - 正在关闭服务...
2026-05-07 08:32:46,002 - datasets - DEBUG - config.py:54 - PyTorch version 2.11.0+cu128 available.
2026-05-07 08:32:54,421 - datasets - DEBUG - config.py:54 - PyTorch version 2.11.0+cu128 available.
2026-05-07 08:32:55,015 - asyncio - DEBUG - selector_events.py:54 - Using selector: SelectSelector
2026-05-07 08:32:55,040 - main - INFO - main.py:79 - ==================================================
2026-05-07 08:32:55,041 - main - INFO - main.py:80 - 启动 RAG 角色扮演系统
2026-05-07 08:32:55,041 - main - INFO - main.py:81 - ==================================================
2026-05-07 08:32:55,046 - storage.mysql_client - INFO - mysql_client.py:54 - MySQL 连接成功: localhost:3306/rag_chatbot
2026-05-07 08:32:55,050 - storage.redis_client - INFO - redis_client.py:51 - Redis 连接成功: localhost:6379
2026-05-07 08:32:55,107 - storage.milvus_client - INFO - milvus_client.py:51 - Milvus 连接成功: localhost:19530
2026-05-07 08:32:55,107 - main - INFO - main.py:88 - 所有服务连接成功
2026-05-07 08:32:55,120 - main - INFO - main.py:40 - 加载 Embedding 模型: F:\4--专业所有安装的软件及改动设置\2-6--专高6\bge-m3
2026-05-07 08:32:55,122 - sentence_transformers.base.model - INFO - model.py:177 - No device provided, using cuda:0
2026-05-07 08:32:55,122 - sentence_transformers.base.model - INFO - model.py:973 - Loading SentenceTransformer model from F:\4--专业所有安装的软件及改动设置\2-6--专高6\bge-m3.
2026-05-07 08:32:57,450 - sentence_transformers.base.modules.transformer - DEBUG - transformer.py:728 - Active modality config: {'text': {'method': 'forward', 'method_output_name': 'last_hidden_state'}}
2026-05-07 08:33:01,969 - main - INFO - main.py:56 - 正在加载知识库...
2026-05-07 08:33:01,970 - processor.data_processor - INFO - data_processor.py:140 - 加载文件: test_upload.txt
2026-05-07 08:33:01,970 - processor.data_processor - INFO - data_processor.py:142 -   提取 1 段文本
2026-05-07 08:33:01,970 - processor.data_processor - INFO - data_processor.py:140 - 加载文件: 中国心力衰竭诊断和治疗指南2024.pdf
2026-05-07 08:33:02,131 - processor.advanced_parser - INFO - advanced_parser.py:48 - [Fitz] 解析成功: 中国心力衰竭诊断和治疗指南2024.pdf, 41页
2026-05-07 08:33:02,131 - processor.data_processor - INFO - data_processor.py:142 -   提取 41 段文本
2026-05-07 08:33:02,132 - processor.data_processor - INFO - data_processor.py:140 - 加载文件: 中国肺动脉高压诊断与治疗指南（2021版）.pdf
2026-05-07 08:33:02,317 - processor.advanced_parser - INFO - advanced_parser.py:48 - [Fitz] 解析成功: 中国肺动脉高压诊断与治疗指南（2021版）.pdf, 41页
2026-05-07 08:33:02,317 - processor.data_processor - INFO - data_processor.py:142 -   提取 41 段文本
2026-05-07 08:33:02,318 - processor.data_processor - INFO - data_processor.py:140 - 加载文件: 高血压基层医防融合服务规范.pdf
2026-05-07 08:33:02,401 - processor.advanced_parser - INFO - advanced_parser.py:48 - [Fitz] 解析成功: 高血压基层医防融合服务规范.pdf, 7页
2026-05-07 08:33:02,401 - processor.data_processor - INFO - data_processor.py:142 -   提取 7 段文本
2026-05-07 08:33:02,402 - processor.data_processor - INFO - data_processor.py:140 - 加载文件: 中华人民共和国民法典_20200528.docx
2026-05-07 08:33:02,748 - processor.advanced_parser - INFO - advanced_parser.py:48 - [Fitz] 解析成功: 中华人民共和国民法典_20200528.docx, 175页
2026-05-07 08:33:02,749 - processor.data_processor - INFO - data_processor.py:142 -   提取 175 段文本
2026-05-07 08:33:02,749 - processor.data_processor - INFO - data_processor.py:165 - 目录加载完成: 共加载 5 个文件
2026-05-07 08:33:02,749 - processor.data_processor - INFO - data_processor.py:399 - 
处理文件: test_upload.txt
2026-05-07 08:33:02,753 - processor.data_processor - INFO - data_processor.py:100 - 过滤无效文本: 移除 1 段 (小于50字符)
2026-05-07 08:33:02,754 - processor.data_processor - INFO - data_processor.py:376 -   分块参数: chunk_size=800, overlap=100
2026-05-07 08:33:02,755 - processor.data_processor - INFO - data_processor.py:477 -   文件处理完成: 1 段 -> 0 个块
2026-05-07 08:33:02,755 - processor.data_processor - INFO - data_processor.py:399 - 
处理文件: 中国心力衰竭诊断和治疗指南2024.pdf
2026-05-07 08:33:02,756 - processor.data_processor - INFO - data_processor.py:352 - 为文件 中国心力衰竭诊断和治疗指南2024.pdf 选择策略: 医疗指南策略
2026-05-07 08:33:02,758 - processor.data_processor - DEBUG - data_processor.py:85 - 文本清理: 1922 -> 1865 字符
2026-05-07 08:33:02,759 - processor.data_processor - DEBUG - data_processor.py:85 - 文本清理: 2165 -> 2073 字符
2026-05-07 08:33:02,759 - processor.data_processor - DEBUG - data_processor.py:85 - 文本清理: 2235 -> 2128 字符
2026-05-07 08:33:02,760 - processor.data_processor - DEBUG - data_processor.py:85 - 文本清理: 1672 -> 1561 字符
2026-05-07 08:33:02,760 - processor.data_processor - DEBUG - data_processor.py:85 - 文本清理: 1790 -> 1335 字符
2026-05-07 08:33:02,761 - processor.data_processor - DEBUG - data_processor.py:85 - 文本清理: 2267 -> 2162 字符
2026-05-07 08:33:02,761 - processor.data_processor - DEBUG - data_processor.py:85 - 文本清理: 2121 -> 2019 字符
2026-05-07 08:33:02,761 - processor.data_processor - DEBUG - data_processor.py:85 - 文本清理: 1787 -> 1741 字符
2026-05-07 08:33:02,762 - processor.data_processor - DEBUG - data_processor.py:85 - 文本清理: 2365 -> 2302 字符
2026-05-07 08:33:02,762 - processor.data_processor - DEBUG - data_processor.py:85 - 文本清理: 2082 -> 2019 字符
2026-05-07 08:33:02,763 - processor.data_processor - DEBUG - data_processor.py:85 - 文本清理: 2237 -> 2166 字符
2026-05-07 08:33:02,763 - processor.data_processor - DEBUG - data_processor.py:85 - 文本清理: 2189 -> 2106 字符
2026-05-07 08:33:02,764 - processor.data_processor - DEBUG - data_processor.py:85 - 文本清理: 2286 -> 2195 字符
2026-05-07 08:33:02,764 - processor.data_processor - DEBUG - data_processor.py:85 - 文本清理: 2047 -> 1706 字符
2026-05-07 08:33:02,764 - processor.data_processor - DEBUG - data_processor.py:85 - 文本清理: 2009 -> 1909 字符
2026-05-07 08:33:02,765 - processor.data_processor - DEBUG - data_processor.py:85 - 文本清理: 1861 -> 1777 字符
2026-05-07 08:33:02,765 - processor.data_processor - DEBUG - data_processor.py:85 - 文本清理: 2083 -> 1981 字符
2026-05-07 08:33:02,766 - processor.data_processor - DEBUG - data_processor.py:85 - 文本清理: 1655 -> 1361 字符
2026-05-07 08:33:02,766 - processor.data_processor - DEBUG - data_processor.py:85 - 文本清理: 2166 -> 2097 字符
2026-05-07 08:33:02,766 - processor.data_processor - DEBUG - data_processor.py:85 - 文本清理: 1960 -> 1850 字符
2026-05-07 08:33:02,767 - processor.data_processor - DEBUG - data_processor.py:85 - 文本清理: 2158 -> 2102 字符
2026-05-07 08:33:02,767 - processor.data_processor - DEBUG - data_processor.py:85 - 文本清理: 2043 -> 1957 字符
2026-05-07 08:33:02,767 - processor.data_processor - DEBUG - data_processor.py:85 - 文本清理: 1926 -> 1453 字符
2026-05-07 08:33:02,767 - processor.data_processor - DEBUG - data_processor.py:85 - 文本清理: 1738 -> 1671 字符
2026-05-07 08:33:02,768 - processor.data_processor - DEBUG - data_processor.py:85 - 文本清理: 1936 -> 1597 字符
2026-05-07 08:33:02,768 - processor.data_processor - DEBUG - data_processor.py:85 - 文本清理: 2177 -> 2090 字符
2026-05-07 08:33:02,769 - processor.data_processor - DEBUG - data_processor.py:85 - 文本清理: 2152 -> 2066 字符
2026-05-07 08:33:02,769 - processor.data_processor - DEBUG - data_processor.py:85 - 文本清理: 1503 -> 1443 字符
2026-05-07 08:33:02,769 - processor.data_processor - DEBUG - data_processor.py:85 - 文本清理: 2181 -> 2095 字符
2026-05-07 08:33:02,770 - processor.data_processor - DEBUG - data_processor.py:85 - 文本清理: 2026 -> 1950 字符
2026-05-07 08:33:02,770 - processor.data_processor - DEBUG - data_processor.py:85 - 文本清理: 1992 -> 1932 字符
2026-05-07 08:33:02,770 - processor.data_processor - DEBUG - data_processor.py:85 - 文本清理: 2080 -> 2009 字符
2026-05-07 08:33:02,771 - processor.data_processor - DEBUG - data_processor.py:85 - 文本清理: 4022 -> 3858 字符
2026-05-07 08:33:02,772 - processor.data_processor - DEBUG - data_processor.py:85 - 文本清理: 6078 -> 5716 字符
2026-05-07 08:33:02,772 - processor.data_processor - DEBUG - data_processor.py:85 - 文本清理: 6207 -> 5864 字符
2026-05-07 08:33:02,772 - processor.data_processor - DEBUG - data_processor.py:85 - 文本清理: 6272 -> 5922 字符
2026-05-07 08:33:02,773 - processor.data_processor - DEBUG - data_processor.py:85 - 文本清理: 6256 -> 5900 字符
2026-05-07 08:33:02,774 - processor.data_processor - DEBUG - data_processor.py:85 - 文本清理: 6122 -> 5775 字符
2026-05-07 08:33:02,774 - processor.data_processor - DEBUG - data_processor.py:85 - 文本清理: 6125 -> 5823 字符
2026-05-07 08:33:02,775 - processor.data_processor - DEBUG - data_processor.py:85 - 文本清理: 5868 -> 5558 字符
2026-05-07 08:33:02,775 - processor.data_processor - DEBUG - data_processor.py:85 - 文本清理: 3239 -> 3049 字符
2026-05-07 08:33:02,777 - processor.data_processor - INFO - data_processor.py:352 - 为文件 中国心力衰竭诊断和治疗指南2024.pdf 选择策略: 医疗指南策略
2026-05-07 08:33:02,777 - processor.data_processor - INFO - data_processor.py:376 -   分块参数: chunk_size=700, overlap=100
2026-05-07 08:33:02,806 - processor.data_processor - INFO - data_processor.py:477 -   文件处理完成: 41 段 -> 213 个块
2026-05-07 08:33:02,806 - processor.data_processor - INFO - data_processor.py:352 - 为文件 中国心力衰竭诊断和治疗指南2024.pdf 选择策略: 医疗指南策略
2026-05-07 08:33:02,807 - processor.data_processor - INFO - data_processor.py:399 - 
处理文件: 中国肺动脉高压诊断与治疗指南（2021版）.pdf
2026-05-07 08:33:02,807 - processor.data_processor - INFO - data_processor.py:352 - 为文件 中国肺动脉高压诊断与治疗指南（2021版）.pdf 选择策略: 医疗指南策略
2026-05-07 08:33:02,810 - processor.data_processor - DEBUG - data_processor.py:85 - 文本清理: 1514 -> 1483 字符
2026-05-07 08:33:02,810 - processor.data_processor - DEBUG - data_processor.py:85 - 文本清理: 2332 -> 2242 字符
2026-05-07 08:33:02,810 - processor.data_processor - DEBUG - data_processor.py:85 - 文本清理: 1561 -> 1524 字符
2026-05-07 08:33:02,811 - processor.data_processor - DEBUG - data_processor.py:85 - 文本清理: 3023 -> 2918 字符
2026-05-07 08:33:02,811 - processor.data_processor - DEBUG - data_processor.py:85 - 文本清理: 1901 -> 1867 字符
2026-05-07 08:33:02,811 - processor.data_processor - DEBUG - data_processor.py:85 - 文本清理: 2498 -> 2356 字符
2026-05-07 08:33:02,812 - processor.data_processor - DEBUG - data_processor.py:85 - 文本清理: 2204 -> 2081 字符
2026-05-07 08:33:02,812 - processor.data_processor - DEBUG - data_processor.py:85 - 文本清理: 2033 -> 1984 字符
2026-05-07 08:33:02,812 - processor.data_processor - DEBUG - data_processor.py:85 - 文本清理: 2033 -> 1965 字符
2026-05-07 08:33:02,812 - processor.data_processor - DEBUG - data_processor.py:85 - 文本清理: 1899 -> 1844 字符
2026-05-07 08:33:02,812 - processor.data_processor - DEBUG - data_processor.py:85 - 文本清理: 1517 -> 1468 字符
2026-05-07 08:33:02,813 - processor.data_processor - DEBUG - data_processor.py:85 - 文本清理: 2163 -> 2054 字符
2026-05-07 08:33:02,813 - processor.data_processor - DEBUG - data_processor.py:85 - 文本清理: 2157 -> 2072 字符
2026-05-07 08:33:02,813 - processor.data_processor - DEBUG - data_processor.py:85 - 文本清理: 2074 -> 2012 字符
2026-05-07 08:33:02,813 - processor.data_processor - DEBUG - data_processor.py:85 - 文本清理: 2250 -> 2170 字符
2026-05-07 08:33:02,813 - processor.data_processor - DEBUG - data_processor.py:85 - 文本清理: 2218 -> 2144 字符
2026-05-07 08:33:02,814 - processor.data_processor - DEBUG - data_processor.py:85 - 文本清理: 1854 -> 1761 字符
2026-05-07 08:33:02,814 - processor.data_processor - DEBUG - data_processor.py:85 - 文本清理: 2043 -> 1933 字符
2026-05-07 08:33:02,814 - processor.data_processor - DEBUG - data_processor.py:85 - 文本清理: 1684 -> 1640 字符
2026-05-07 08:33:02,814 - processor.data_processor - DEBUG - data_processor.py:85 - 文本清理: 2160 -> 2097 字符
2026-05-07 08:33:02,814 - processor.data_processor - DEBUG - data_processor.py:85 - 文本清理: 2108 -> 2048 字符
2026-05-07 08:33:02,815 - processor.data_processor - DEBUG - data_processor.py:85 - 文本清理: 2151 -> 2091 字符
2026-05-07 08:33:02,815 - processor.data_processor - DEBUG - data_processor.py:85 - 文本清理: 2033 -> 1993 字符
2026-05-07 08:33:02,815 - processor.data_processor - DEBUG - data_processor.py:85 - 文本清理: 2014 -> 1962 字符
2026-05-07 08:33:02,815 - processor.data_processor - DEBUG - data_processor.py:85 - 文本清理: 2014 -> 1958 字符
2026-05-07 08:33:02,815 - processor.data_processor - DEBUG - data_processor.py:85 - 文本清理: 1925 -> 1874 字符
2026-05-07 08:33:02,816 - processor.data_processor - DEBUG - data_processor.py:85 - 文本清理: 1749 -> 1707 字符
2026-05-07 08:33:02,816 - processor.data_processor - DEBUG - data_processor.py:85 - 文本清理: 2050 -> 2005 字符
2026-05-07 08:33:02,816 - processor.data_processor - DEBUG - data_processor.py:85 - 文本清理: 2255 -> 2206 字符
2026-05-07 08:33:02,816 - processor.data_processor - DEBUG - data_processor.py:85 - 文本清理: 2770 -> 2729 字符
2026-05-07 08:33:02,816 - processor.data_processor - DEBUG - data_processor.py:85 - 文本清理: 5947 -> 5738 字符
2026-05-07 08:33:02,817 - processor.data_processor - DEBUG - data_processor.py:85 - 文本清理: 5572 -> 5342 字符
2026-05-07 08:33:02,817 - processor.data_processor - DEBUG - data_processor.py:85 - 文本清理: 6023 -> 5783 字符
2026-05-07 08:33:02,818 - processor.data_processor - DEBUG - data_processor.py:85 - 文本清理: 6000 -> 5793 字符
2026-05-07 08:33:02,818 - processor.data_processor - DEBUG - data_processor.py:85 - 文本清理: 6215 -> 6000 字符
2026-05-07 08:33:02,819 - processor.data_processor - DEBUG - data_processor.py:85 - 文本清理: 5958 -> 5737 字符
2026-05-07 08:33:02,819 - processor.data_processor - DEBUG - data_processor.py:85 - 文本清理: 6281 -> 6047 字符
2026-05-07 08:33:02,819 - processor.data_processor - DEBUG - data_processor.py:85 - 文本清理: 6028 -> 5799 字符
2026-05-07 08:33:02,820 - processor.data_processor - DEBUG - data_processor.py:85 - 文本清理: 6148 -> 5927 字符
2026-05-07 08:33:02,820 - processor.data_processor - DEBUG - data_processor.py:85 - 文本清理: 5982 -> 5763 字符
2026-05-07 08:33:02,820 - processor.data_processor - DEBUG - data_processor.py:85 - 文本清理: 2160 -> 2095 字符
2026-05-07 08:33:02,822 - processor.data_processor - INFO - data_processor.py:352 - 为文件 中国肺动脉高压诊断与治疗指南（2021版）.pdf 选择策略: 医疗指南策略
2026-05-07 08:33:02,822 - processor.data_processor - INFO - data_processor.py:376 -   分块参数: chunk_size=700, overlap=100
2026-05-07 08:33:02,847 - processor.data_processor - INFO - data_processor.py:477 -   文件处理完成: 41 段 -> 239 个块
2026-05-07 08:33:02,847 - processor.data_processor - INFO - data_processor.py:352 - 为文件 中国肺动脉高压诊断与治疗指南（2021版）.pdf 选择策略: 医疗指南策略
2026-05-07 08:33:02,848 - processor.data_processor - INFO - data_processor.py:399 - 
处理文件: 高血压基层医防融合服务规范.pdf
2026-05-07 08:33:02,848 - processor.data_processor - INFO - data_processor.py:352 - 为文件 高血压基层医防融合服务规范.pdf 选择策略: 医疗指南策略
2026-05-07 08:33:02,849 - processor.data_processor - DEBUG - data_processor.py:85 - 文本清理: 3201 -> 3165 字符
2026-05-07 08:33:02,850 - processor.data_processor - DEBUG - data_processor.py:85 - 文本清理: 1966 -> 1895 字符
2026-05-07 08:33:02,850 - processor.data_processor - DEBUG - data_processor.py:85 - 文本清理: 2314 -> 2232 字符
2026-05-07 08:33:02,851 - processor.data_processor - DEBUG - data_processor.py:85 - 文本清理: 2194 -> 2131 字符
2026-05-07 08:33:02,851 - processor.data_processor - DEBUG - data_processor.py:85 - 文本清理: 1769 -> 1731 字符
2026-05-07 08:33:02,852 - processor.data_processor - DEBUG - data_processor.py:85 - 文本清理: 1451 -> 1432 字符
2026-05-07 08:33:02,852 - processor.data_processor - DEBUG - data_processor.py:85 - 文本清理: 3298 -> 3168 字符
2026-05-07 08:33:02,853 - processor.data_processor - INFO - data_processor.py:352 - 为文件 高血压基层医防融合服务规范.pdf 选择策略: 医疗指南策略
2026-05-07 08:33:02,853 - processor.data_processor - INFO - data_processor.py:376 -   分块参数: chunk_size=700, overlap=100
2026-05-07 08:33:02,858 - processor.data_processor - INFO - data_processor.py:477 -   文件处理完成: 7 段 -> 32 个块
2026-05-07 08:33:02,859 - processor.data_processor - INFO - data_processor.py:352 - 为文件 高血压基层医防融合服务规范.pdf 选择策略: 医疗指南策略
2026-05-07 08:33:02,859 - processor.data_processor - INFO - data_processor.py:399 - 
处理文件: 中华人民共和国民法典_20200528.docx
2026-05-07 08:33:02,859 - processor.data_processor - INFO - data_processor.py:352 - 为文件 中华人民共和国民法典_20200528.docx 选择策略: 法律条文策略
2026-05-07 08:33:02,862 - processor.data_processor - DEBUG - data_processor.py:85 - 文本清理: 253 -> 226 字符
2026-05-07 08:33:02,863 - processor.data_processor - DEBUG - data_processor.py:85 - 文本清理: 268 -> 243 字符
2026-05-07 08:33:02,863 - processor.data_processor - DEBUG - data_processor.py:85 - 文本清理: 239 -> 222 字符
2026-05-07 08:33:02,863 - processor.data_processor - DEBUG - data_processor.py:85 - 文本清理: 243 -> 233 字符
2026-05-07 08:33:02,864 - processor.data_processor - DEBUG - data_processor.py:85 - 文本清理: 269 -> 249 字符
2026-05-07 08:33:02,864 - processor.data_processor - DEBUG - data_processor.py:85 - 文本清理: 246 -> 229 字符
2026-05-07 08:33:02,864 - processor.data_processor - DEBUG - data_processor.py:85 - 文本清理: 407 -> 398 字符
2026-05-07 08:33:02,864 - processor.data_processor - DEBUG - data_processor.py:85 - 文本清理: 544 -> 537 字符
2026-05-07 08:33:02,864 - processor.data_processor - DEBUG - data_processor.py:85 - 文本清理: 758 -> 741 字符
2026-05-07 08:33:02,864 - processor.data_processor - DEBUG - data_processor.py:85 - 文本清理: 522 -> 510 字符
2026-05-07 08:33:02,864 - processor.data_processor - DEBUG - data_processor.py:85 - 文本清理: 774 -> 761 字符
2026-05-07 08:33:02,865 - processor.data_processor - DEBUG - data_processor.py:85 - 文本清理: 684 -> 668 字符
2026-05-07 08:33:02,865 - processor.data_processor - DEBUG - data_processor.py:85 - 文本清理: 606 -> 599 字符
2026-05-07 08:33:02,865 - processor.data_processor - DEBUG - data_processor.py:85 - 文本清理: 658 -> 655 字符
2026-05-07 08:33:02,865 - processor.data_processor - DEBUG - data_processor.py:85 - 文本清理: 591 -> 582 字符
2026-05-07 08:33:02,866 - processor.data_processor - DEBUG - data_processor.py:85 - 文本清理: 500 -> 494 字符
2026-05-07 08:33:02,866 - processor.data_processor - DEBUG - data_processor.py:85 - 文本清理: 636 -> 630 字符
2026-05-07 08:33:02,866 - processor.data_processor - DEBUG - data_processor.py:85 - 文本清理: 724 -> 713 字符
2026-05-07 08:33:02,866 - processor.data_processor - DEBUG - data_processor.py:85 - 文本清理: 767 -> 753 字符
2026-05-07 08:33:02,867 - processor.data_processor - DEBUG - data_processor.py:85 - 文本清理: 702 -> 688 字符
2026-05-07 08:33:02,867 - processor.data_processor - DEBUG - data_processor.py:85 - 文本清理: 526 -> 518 字符
2026-05-07 08:33:02,867 - processor.data_processor - DEBUG - data_processor.py:85 - 文本清理: 612 -> 588 字符
2026-05-07 08:33:02,867 - processor.data_processor - DEBUG - data_processor.py:85 - 文本清理: 481 -> 469 字符
2026-05-07 08:33:02,868 - processor.data_processor - DEBUG - data_processor.py:85 - 文本清理: 510 -> 501 字符
2026-05-07 08:33:02,868 - processor.data_processor - DEBUG - data_processor.py:85 - 文本清理: 685 -> 674 字符
2026-05-07 08:33:02,868 - processor.data_processor - DEBUG - data_processor.py:85 - 文本清理: 695 -> 690 字符
2026-05-07 08:33:02,868 - processor.data_processor - DEBUG - data_processor.py:85 - 文本清理: 610 -> 604 字符
2026-05-07 08:33:02,868 - processor.data_processor - DEBUG - data_processor.py:85 - 文本清理: 638 -> 632 字符
2026-05-07 08:33:02,868 - processor.data_processor - DEBUG - data_processor.py:85 - 文本清理: 665 -> 660 字符
2026-05-07 08:33:02,868 - processor.data_processor - DEBUG - data_processor.py:85 - 文本清理: 495 -> 490 字符
2026-05-07 08:33:02,869 - processor.data_processor - DEBUG - data_processor.py:85 - 文本清理: 398 -> 391 字符
2026-05-07 08:33:02,869 - processor.data_processor - DEBUG - data_processor.py:85 - 文本清理: 668 -> 659 字符
2026-05-07 08:33:02,869 - processor.data_processor - DEBUG - data_processor.py:85 - 文本清理: 617 -> 611 字符
2026-05-07 08:33:02,869 - processor.data_processor - DEBUG - data_processor.py:85 - 文本清理: 592 -> 575 字符
2026-05-07 08:33:02,869 - processor.data_processor - DEBUG - data_processor.py:85 - 文本清理: 476 -> 460 字符
2026-05-07 08:33:02,869 - processor.data_processor - DEBUG - data_processor.py:85 - 文本清理: 624 -> 612 字符
2026-05-07 08:33:02,869 - processor.data_processor - DEBUG - data_processor.py:85 - 文本清理: 654 -> 643 字符
2026-05-07 08:33:02,869 - processor.data_processor - DEBUG - data_processor.py:85 - 文本清理: 575 -> 564 字符
2026-05-07 08:33:02,870 - processor.data_processor - DEBUG - data_processor.py:85 - 文本清理: 625 -> 609 字符
2026-05-07 08:33:02,870 - processor.data_processor - DEBUG - data_processor.py:85 - 文本清理: 636 -> 618 字符
2026-05-07 08:33:02,870 - processor.data_processor - DEBUG - data_processor.py:85 - 文本清理: 624 -> 596 字符
2026-05-07 08:33:02,870 - processor.data_processor - DEBUG - data_processor.py:85 - 文本清理: 724 -> 693 字符
2026-05-07 08:33:02,870 - processor.data_processor - DEBUG - data_processor.py:85 - 文本清理: 680 -> 664 字符
2026-05-07 08:33:02,870 - processor.data_processor - DEBUG - data_processor.py:85 - 文本清理: 678 -> 667 字符
2026-05-07 08:33:02,870 - processor.data_processor - DEBUG - data_processor.py:85 - 文本清理: 745 -> 727 字符
2026-05-07 08:33:02,870 - processor.data_processor - DEBUG - data_processor.py:85 - 文本清理: 649 -> 621 字符
2026-05-07 08:33:02,871 - processor.data_processor - DEBUG - data_processor.py:85 - 文本清理: 843 -> 837 字符
2026-05-07 08:33:02,871 - processor.data_processor - DEBUG - data_processor.py:85 - 文本清理: 693 -> 686 字符
2026-05-07 08:33:02,871 - processor.data_processor - DEBUG - data_processor.py:85 - 文本清理: 745 -> 738 字符
2026-05-07 08:33:02,871 - processor.data_processor - DEBUG - data_processor.py:85 - 文本清理: 604 -> 583 字符
2026-05-07 08:33:02,871 - processor.data_processor - DEBUG - data_processor.py:85 - 文本清理: 679 -> 668 字符
2026-05-07 08:33:02,871 - processor.data_processor - DEBUG - data_processor.py:85 - 文本清理: 527 -> 510 字符
2026-05-07 08:33:02,871 - processor.data_processor - DEBUG - data_processor.py:85 - 文本清理: 802 -> 781 字符
2026-05-07 08:33:02,871 - processor.data_processor - DEBUG - data_processor.py:85 - 文本清理: 485 -> 480 字符
2026-05-07 08:33:02,872 - processor.data_processor - DEBUG - data_processor.py:85 - 文本清理: 478 -> 474 字符
2026-05-07 08:33:02,872 - processor.data_processor - DEBUG - data_processor.py:85 - 文本清理: 715 -> 703 字符
2026-05-07 08:33:02,873 - processor.data_processor - DEBUG - data_processor.py:85 - 文本清理: 791 -> 778 字符
2026-05-07 08:33:02,873 - processor.data_processor - DEBUG - data_processor.py:85 - 文本清理: 431 -> 420 字符
2026-05-07 08:33:02,873 - processor.data_processor - DEBUG - data_processor.py:85 - 文本清理: 566 -> 548 字符
2026-05-07 08:33:02,873 - processor.data_processor - DEBUG - data_processor.py:85 - 文本清理: 828 -> 824 字符
2026-05-07 08:33:02,873 - processor.data_processor - DEBUG - data_processor.py:85 - 文本清理: 676 -> 668 字符
2026-05-07 08:33:02,873 - processor.data_processor - DEBUG - data_processor.py:85 - 文本清理: 727 -> 722 字符
2026-05-07 08:33:02,873 - processor.data_processor - DEBUG - data_processor.py:85 - 文本清理: 449 -> 440 字符
2026-05-07 08:33:02,873 - processor.data_processor - DEBUG - data_processor.py:85 - 文本清理: 766 -> 755 字符
2026-05-07 08:33:02,873 - processor.data_processor - DEBUG - data_processor.py:85 - 文本清理: 531 -> 507 字符
2026-05-07 08:33:02,873 - processor.data_processor - DEBUG - data_processor.py:85 - 文本清理: 601 -> 593 字符
2026-05-07 08:33:02,873 - processor.data_processor - DEBUG - data_processor.py:85 - 文本清理: 675 -> 664 字符
2026-05-07 08:33:02,874 - processor.data_processor - DEBUG - data_processor.py:85 - 文本清理: 609 -> 597 字符
2026-05-07 08:33:02,874 - processor.data_processor - DEBUG - data_processor.py:85 - 文本清理: 477 -> 463 字符
2026-05-07 08:33:02,875 - processor.data_processor - DEBUG - data_processor.py:85 - 文本清理: 574 -> 564 字符
2026-05-07 08:33:02,875 - processor.data_processor - DEBUG - data_processor.py:85 - 文本清理: 691 -> 686 字符
2026-05-07 08:33:02,875 - processor.data_processor - DEBUG - data_processor.py:85 - 文本清理: 790 -> 771 字符
2026-05-07 08:33:02,875 - processor.data_processor - DEBUG - data_processor.py:85 - 文本清理: 689 -> 682 字符
2026-05-07 08:33:02,876 - processor.data_processor - DEBUG - data_processor.py:85 - 文本清理: 666 -> 656 字符
2026-05-07 08:33:02,876 - processor.data_processor - DEBUG - data_processor.py:85 - 文本清理: 653 -> 643 字符
2026-05-07 08:33:02,876 - processor.data_processor - DEBUG - data_processor.py:85 - 文本清理: 834 -> 829 字符
2026-05-07 08:33:02,876 - processor.data_processor - DEBUG - data_processor.py:85 - 文本清理: 704 -> 700 字符
2026-05-07 08:33:02,876 - processor.data_processor - DEBUG - data_processor.py:85 - 文本清理: 732 -> 726 字符
2026-05-07 08:33:02,877 - processor.data_processor - DEBUG - data_processor.py:85 - 文本清理: 659 -> 650 字符
2026-05-07 08:33:02,877 - processor.data_processor - DEBUG - data_processor.py:85 - 文本清理: 744 -> 735 字符
2026-05-07 08:33:02,877 - processor.data_processor - DEBUG - data_processor.py:85 - 文本清理: 617 -> 614 字符
2026-05-07 08:33:02,877 - processor.data_processor - DEBUG - data_processor.py:85 - 文本清理: 539 -> 532 字符
2026-05-07 08:33:02,877 - processor.data_processor - DEBUG - data_processor.py:85 - 文本清理: 578 -> 575 字符
2026-05-07 08:33:02,877 - processor.data_processor - DEBUG - data_processor.py:85 - 文本清理: 753 -> 747 字符
2026-05-07 08:33:02,877 - processor.data_processor - DEBUG - data_processor.py:85 - 文本清理: 672 -> 662 字符
2026-05-07 08:33:02,877 - processor.data_processor - DEBUG - data_processor.py:85 - 文本清理: 769 -> 759 字符
2026-05-07 08:33:02,878 - processor.data_processor - DEBUG - data_processor.py:85 - 文本清理: 758 -> 755 字符
2026-05-07 08:33:02,878 - processor.data_processor - DEBUG - data_processor.py:85 - 文本清理: 644 -> 631 字符
2026-05-07 08:33:02,878 - processor.data_processor - DEBUG - data_processor.py:85 - 文本清理: 786 -> 775 字符
2026-05-07 08:33:02,878 - processor.data_processor - DEBUG - data_processor.py:85 - 文本清理: 836 -> 830 字符
2026-05-07 08:33:02,878 - processor.data_processor - DEBUG - data_processor.py:85 - 文本清理: 893 -> 883 字符
2026-05-07 08:33:02,878 - processor.data_processor - DEBUG - data_processor.py:85 - 文本清理: 819 -> 816 字符
2026-05-07 08:33:02,878 - processor.data_processor - DEBUG - data_processor.py:85 - 文本清理: 725 -> 717 字符
2026-05-07 08:33:02,878 - processor.data_processor - DEBUG - data_processor.py:85 - 文本清理: 721 -> 707 字符
2026-05-07 08:33:02,879 - processor.data_processor - DEBUG - data_processor.py:85 - 文本清理: 639 -> 626 字符
2026-05-07 08:33:02,879 - processor.data_processor - DEBUG - data_processor.py:85 - 文本清理: 605 -> 594 字符
2026-05-07 08:33:02,879 - processor.data_processor - DEBUG - data_processor.py:85 - 文本清理: 681 -> 674 字符
2026-05-07 08:33:02,879 - processor.data_processor - DEBUG - data_processor.py:85 - 文本清理: 663 -> 655 字符
2026-05-07 08:33:02,879 - processor.data_processor - DEBUG - data_processor.py:85 - 文本清理: 652 -> 646 字符
2026-05-07 08:33:02,879 - processor.data_processor - DEBUG - data_processor.py:85 - 文本清理: 769 -> 766 字符
2026-05-07 08:33:02,879 - processor.data_processor - DEBUG - data_processor.py:85 - 文本清理: 655 -> 645 字符
2026-05-07 08:33:02,879 - processor.data_processor - DEBUG - data_processor.py:85 - 文本清理: 739 -> 734 字符
2026-05-07 08:33:02,880 - processor.data_processor - DEBUG - data_processor.py:85 - 文本清理: 745 -> 739 字符
2026-05-07 08:33:02,880 - processor.data_processor - DEBUG - data_processor.py:85 - 文本清理: 707 -> 695 字符
2026-05-07 08:33:02,880 - processor.data_processor - DEBUG - data_processor.py:85 - 文本清理: 674 -> 667 字符
2026-05-07 08:33:02,880 - processor.data_processor - DEBUG - data_processor.py:85 - 文本清理: 665 -> 655 字符
2026-05-07 08:33:02,880 - processor.data_processor - DEBUG - data_processor.py:85 - 文本清理: 790 -> 779 字符
2026-05-07 08:33:02,880 - processor.data_processor - DEBUG - data_processor.py:85 - 文本清理: 821 -> 811 字符
2026-05-07 08:33:02,880 - processor.data_processor - DEBUG - data_processor.py:85 - 文本清理: 618 -> 605 字符
2026-05-07 08:33:02,880 - processor.data_processor - DEBUG - data_processor.py:85 - 文本清理: 725 -> 718 字符
2026-05-07 08:33:02,880 - processor.data_processor - DEBUG - data_processor.py:85 - 文本清理: 734 -> 715 字符
2026-05-07 08:33:02,881 - processor.data_processor - DEBUG - data_processor.py:85 - 文本清理: 858 -> 824 字符
2026-05-07 08:33:02,881 - processor.data_processor - DEBUG - data_processor.py:85 - 文本清理: 672 -> 657 字符
2026-05-07 08:33:02,881 - processor.data_processor - DEBUG - data_processor.py:85 - 文本清理: 782 -> 768 字符
2026-05-07 08:33:02,881 - processor.data_processor - DEBUG - data_processor.py:85 - 文本清理: 663 -> 645 字符
2026-05-07 08:33:02,881 - processor.data_processor - DEBUG - data_processor.py:85 - 文本清理: 868 -> 854 字符
2026-05-07 08:33:02,881 - processor.data_processor - DEBUG - data_processor.py:85 - 文本清理: 618 -> 608 字符
2026-05-07 08:33:02,881 - processor.data_processor - DEBUG - data_processor.py:85 - 文本清理: 788 -> 765 字符
2026-05-07 08:33:02,881 - processor.data_processor - DEBUG - data_processor.py:85 - 文本清理: 751 -> 743 字符
2026-05-07 08:33:02,882 - processor.data_processor - DEBUG - data_processor.py:85 - 文本清理: 749 -> 737 字符
2026-05-07 08:33:02,882 - processor.data_processor - DEBUG - data_processor.py:85 - 文本清理: 786 -> 777 字符
2026-05-07 08:33:02,882 - processor.data_processor - DEBUG - data_processor.py:85 - 文本清理: 740 -> 728 字符
2026-05-07 08:33:02,882 - processor.data_processor - DEBUG - data_processor.py:85 - 文本清理: 732 -> 726 字符
2026-05-07 08:33:02,882 - processor.data_processor - DEBUG - data_processor.py:85 - 文本清理: 701 -> 696 字符
2026-05-07 08:33:02,882 - processor.data_processor - DEBUG - data_processor.py:85 - 文本清理: 680 -> 667 字符
2026-05-07 08:33:02,882 - processor.data_processor - DEBUG - data_processor.py:85 - 文本清理: 555 -> 540 字符
2026-05-07 08:33:02,882 - processor.data_processor - DEBUG - data_processor.py:85 - 文本清理: 765 -> 758 字符
2026-05-07 08:33:02,883 - processor.data_processor - DEBUG - data_processor.py:85 - 文本清理: 839 -> 836 字符
2026-05-07 08:33:02,883 - processor.data_processor - DEBUG - data_processor.py:85 - 文本清理: 776 -> 761 字符
2026-05-07 08:33:02,883 - processor.data_processor - DEBUG - data_processor.py:85 - 文本清理: 776 -> 753 字符
2026-05-07 08:33:02,883 - processor.data_processor - DEBUG - data_processor.py:85 - 文本清理: 756 -> 745 字符
2026-05-07 08:33:02,883 - processor.data_processor - DEBUG - data_processor.py:85 - 文本清理: 712 -> 708 字符
2026-05-07 08:33:02,883 - processor.data_processor - DEBUG - data_processor.py:85 - 文本清理: 712 -> 708 字符
2026-05-07 08:33:02,883 - processor.data_processor - DEBUG - data_processor.py:85 - 文本清理: 666 -> 658 字符
2026-05-07 08:33:02,883 - processor.data_processor - DEBUG - data_processor.py:85 - 文本清理: 662 -> 658 字符
2026-05-07 08:33:02,884 - processor.data_processor - DEBUG - data_processor.py:85 - 文本清理: 574 -> 568 字符
2026-05-07 08:33:02,884 - processor.data_processor - DEBUG - data_processor.py:85 - 文本清理: 796 -> 760 字符
2026-05-07 08:33:02,884 - processor.data_processor - DEBUG - data_processor.py:85 - 文本清理: 718 -> 698 字符
2026-05-07 08:33:02,884 - processor.data_processor - DEBUG - data_processor.py:85 - 文本清理: 630 -> 608 字符
2026-05-07 08:33:02,884 - processor.data_processor - DEBUG - data_processor.py:85 - 文本清理: 626 -> 594 字符
2026-05-07 08:33:02,884 - processor.data_processor - DEBUG - data_processor.py:85 - 文本清理: 609 -> 598 字符
2026-05-07 08:33:02,884 - processor.data_processor - DEBUG - data_processor.py:85 - 文本清理: 661 -> 647 字符
2026-05-07 08:33:02,884 - processor.data_processor - DEBUG - data_processor.py:85 - 文本清理: 554 -> 520 字符
2026-05-07 08:33:02,885 - processor.data_processor - DEBUG - data_processor.py:85 - 文本清理: 645 -> 632 字符
2026-05-07 08:33:02,885 - processor.data_processor - DEBUG - data_processor.py:85 - 文本清理: 574 -> 554 字符
2026-05-07 08:33:02,885 - processor.data_processor - DEBUG - data_processor.py:85 - 文本清理: 563 -> 560 字符
2026-05-07 08:33:02,885 - processor.data_processor - DEBUG - data_processor.py:85 - 文本清理: 541 -> 530 字符
2026-05-07 08:33:02,885 - processor.data_processor - DEBUG - data_processor.py:85 - 文本清理: 704 -> 693 字符
2026-05-07 08:33:02,885 - processor.data_processor - DEBUG - data_processor.py:85 - 文本清理: 678 -> 663 字符
2026-05-07 08:33:02,885 - processor.data_processor - DEBUG - data_processor.py:85 - 文本清理: 596 -> 588 字符
2026-05-07 08:33:02,885 - processor.data_processor - DEBUG - data_processor.py:85 - 文本清理: 709 -> 701 字符
2026-05-07 08:33:02,885 - processor.data_processor - DEBUG - data_processor.py:85 - 文本清理: 527 -> 516 字符
2026-05-07 08:33:02,885 - processor.data_processor - DEBUG - data_processor.py:85 - 文本清理: 596 -> 588 字符
2026-05-07 08:33:02,886 - processor.data_processor - DEBUG - data_processor.py:85 - 文本清理: 702 -> 691 字符
2026-05-07 08:33:02,886 - processor.data_processor - DEBUG - data_processor.py:85 - 文本清理: 596 -> 587 字符
2026-05-07 08:33:02,886 - processor.data_processor - DEBUG - data_processor.py:85 - 文本清理: 673 -> 666 字符
2026-05-07 08:33:02,886 - processor.data_processor - DEBUG - data_processor.py:85 - 文本清理: 563 -> 550 字符
2026-05-07 08:33:02,886 - processor.data_processor - DEBUG - data_processor.py:85 - 文本清理: 598 -> 589 字符
2026-05-07 08:33:02,887 - processor.data_processor - DEBUG - data_processor.py:85 - 文本清理: 626 -> 609 字符
2026-05-07 08:33:02,887 - processor.data_processor - DEBUG - data_processor.py:85 - 文本清理: 565 -> 559 字符
2026-05-07 08:33:02,887 - processor.data_processor - DEBUG - data_processor.py:85 - 文本清理: 654 -> 647 字符
2026-05-07 08:33:02,887 - processor.data_processor - DEBUG - data_processor.py:85 - 文本清理: 617 -> 612 字符
2026-05-07 08:33:02,888 - processor.data_processor - DEBUG - data_processor.py:85 - 文本清理: 733 -> 722 字符
2026-05-07 08:33:02,888 - processor.data_processor - DEBUG - data_processor.py:85 - 文本清理: 765 -> 756 字符
2026-05-07 08:33:02,889 - processor.data_processor - DEBUG - data_processor.py:85 - 文本清理: 716 -> 709 字符
2026-05-07 08:33:02,889 - processor.data_processor - DEBUG - data_processor.py:85 - 文本清理: 914 -> 907 字符
2026-05-07 08:33:02,889 - processor.data_processor - DEBUG - data_processor.py:85 - 文本清理: 761 -> 737 字符
2026-05-07 08:33:02,889 - processor.data_processor - DEBUG - data_processor.py:85 - 文本清理: 717 -> 700 字符
2026-05-07 08:33:02,890 - processor.data_processor - DEBUG - data_processor.py:85 - 文本清理: 810 -> 800 字符
2026-05-07 08:33:02,890 - processor.data_processor - DEBUG - data_processor.py:85 - 文本清理: 740 -> 724 字符
2026-05-07 08:33:02,890 - processor.data_processor - DEBUG - data_processor.py:85 - 文本清理: 657 -> 638 字符
2026-05-07 08:33:02,891 - processor.data_processor - DEBUG - data_processor.py:85 - 文本清理: 688 -> 676 字符
2026-05-07 08:33:02,891 - processor.data_processor - DEBUG - data_processor.py:85 - 文本清理: 819 -> 810 字符
2026-05-07 08:33:02,891 - processor.data_processor - DEBUG - data_processor.py:85 - 文本清理: 796 -> 776 字符
2026-05-07 08:33:02,892 - processor.data_processor - DEBUG - data_processor.py:85 - 文本清理: 445 -> 410 字符
2026-05-07 08:33:02,894 - processor.data_processor - INFO - data_processor.py:352 - 为文件 中华人民共和国民法典_20200528.docx 选择策略: 法律条文策略
2026-05-07 08:33:02,896 - processor.data_processor - INFO - data_processor.py:376 -   分块参数: chunk_size=900, overlap=150
2026-05-07 08:33:02,913 - processor.data_processor - INFO - data_processor.py:477 -   文件处理完成: 175 段 -> 176 个块
2026-05-07 08:33:02,914 - processor.data_processor - INFO - data_processor.py:352 - 为文件 中华人民共和国民法典_20200528.docx 选择策略: 法律条文策略
2026-05-07 08:33:02,915 - processor.data_processor - INFO - data_processor.py:407 - 
所有文件处理完成: 共 660 个块
2026-05-07 08:33:02,932 - processor.data_processor - INFO - data_processor.py:513 - 数据预览已保存到: knowledge_base_preview.json
2026-05-07 08:33:02,933 - langchain_community.vectorstores.milvus - DEBUG - milvus.py:281 - Using previous connection: default
2026-05-07 08:33:37,153 - langchain_community.vectorstores.milvus - DEBUG - milvus.py:469 - Successfully created an index on collection: rag_chatbot_v2
2026-05-07 08:33:38,177 - main - INFO - main.py:118 - 创建向量库成功，共 660 个向量
2026-05-07 08:33:38,180 - sentence_transformers.base.model - INFO - model.py:962 - No modules.json found for F:\4--专业所有安装的软件及改动设置\2-3--专高3\3-bge-reranker-base\bge-reranker-base, initializing a new CrossEncoder model.
2026-05-07 08:33:39,358 - sentence_transformers.base.modules.transformer - DEBUG - transformer.py:728 - Active modality config: {'text': {'method': 'forward', 'method_output_name': 'logits'}}
2026-05-07 08:33:39,360 - core.rag_engine - INFO - rag_engine.py:57 - [Reranker] BGE 重排序器加载成功 (device=cpu)
2026-05-07 08:33:39,361 - main - INFO - main.py:126 - RAG 组件初始化成功
2026-05-07 08:35:49,646 - main - INFO - main.py:131 - 正在关闭服务...
2026-05-07 08:39:57,756 - datasets - DEBUG - config.py:54 - PyTorch version 2.11.0+cu128 available.
2026-05-07 08:40:06,237 - datasets - DEBUG - config.py:54 - PyTorch version 2.11.0+cu128 available.
2026-05-07 08:40:06,829 - asyncio - DEBUG - selector_events.py:54 - Using selector: SelectSelector
2026-05-07 08:40:06,855 - main - INFO - main.py:79 - ==================================================
2026-05-07 08:40:06,857 - main - INFO - main.py:80 - 启动 RAG 角色扮演系统
2026-05-07 08:40:06,857 - main - INFO - main.py:81 - ==================================================
2026-05-07 08:40:06,861 - storage.mysql_client - INFO - mysql_client.py:54 - MySQL 连接成功: localhost:3306/rag_chatbot
2026-05-07 08:40:06,875 - storage.redis_client - INFO - redis_client.py:51 - Redis 连接成功: localhost:6379
2026-05-07 08:40:06,929 - storage.milvus_client - INFO - milvus_client.py:51 - Milvus 连接成功: localhost:19530
2026-05-07 08:40:06,929 - main - INFO - main.py:88 - 所有服务连接成功
2026-05-07 08:40:06,942 - main - INFO - main.py:40 - 加载 Embedding 模型: F:\4--专业所有安装的软件及改动设置\2-6--专高6\bge-m3
2026-05-07 08:40:06,944 - sentence_transformers.base.model - INFO - model.py:177 - No device provided, using cuda:0
2026-05-07 08:40:06,944 - sentence_transformers.base.model - INFO - model.py:973 - Loading SentenceTransformer model from F:\4--专业所有安装的软件及改动设置\2-6--专高6\bge-m3.
2026-05-07 08:40:07,765 - sentence_transformers.base.modules.transformer - DEBUG - transformer.py:728 - Active modality config: {'text': {'method': 'forward', 'method_output_name': 'last_hidden_state'}}
2026-05-07 08:40:08,737 - langchain_community.vectorstores.milvus - DEBUG - milvus.py:281 - Using previous connection: default
2026-05-07 08:40:08,883 - main - INFO - main.py:105 - 加载已有向量库: rag_chatbot_v2
2026-05-07 08:40:08,884 - sentence_transformers.base.model - INFO - model.py:962 - No modules.json found for F:\4--专业所有安装的软件及改动设置\2-3--专高3\3-bge-reranker-base\bge-reranker-base, initializing a new CrossEncoder model.
2026-05-07 08:40:09,710 - sentence_transformers.base.modules.transformer - DEBUG - transformer.py:728 - Active modality config: {'text': {'method': 'forward', 'method_output_name': 'logits'}}
2026-05-07 08:40:09,712 - core.rag_engine - INFO - rag_engine.py:57 - [Reranker] BGE 重排序器加载成功 (device=cpu)
2026-05-07 08:40:09,712 - main - INFO - main.py:126 - RAG 组件初始化成功
2026-05-07 08:40:34,931 - core.rag_engine - DEBUG - rag_engine.py:72 - [Reranker] 重排序完成: 10 -> 5
2026-05-07 08:40:34,931 - core.rag_engine - INFO - rag_engine.py:126 - [RAG] 检索到 5 个文档, context长度: 2844
2026-05-07 08:40:34,943 - storage.redis_client - DEBUG - redis_client.py:102 - [Redis] 短期记忆不存在: short_term:user:2:role:psychologist:session:conv_1778114418388_2
2026-05-07 08:41:05,148 - storage.redis_client - DEBUG - redis_client.py:86 - [Redis] 保存短期记忆: short_term:user:2:role:psychologist:session:conv_1778114418388_2, 当前长度: 1
2026-05-07 08:41:05,148 - core.memory - DEBUG - memory.py:76 - [短期记忆] 已保存: user=2, role=psychologist
2026-05-07 08:45:04,738 - main - INFO - main.py:131 - 正在关闭服务...
2026-05-07 13:52:42,148 - datasets - DEBUG - config.py:54 - PyTorch version 2.11.0+cu128 available.
2026-05-07 13:53:08,949 - datasets - DEBUG - config.py:54 - PyTorch version 2.11.0+cu128 available.
2026-05-07 13:53:09,573 - asyncio - DEBUG - selector_events.py:54 - Using selector: SelectSelector
2026-05-07 13:53:09,599 - main - INFO - main.py:79 - ==================================================
2026-05-07 13:53:09,599 - main - INFO - main.py:80 - 启动 RAG 角色扮演系统
2026-05-07 13:53:09,599 - main - INFO - main.py:81 - ==================================================
2026-05-07 13:53:09,603 - storage.mysql_client - INFO - mysql_client.py:54 - MySQL 连接成功: localhost:3306/rag_chatbot
2026-05-07 13:53:09,609 - storage.redis_client - INFO - redis_client.py:51 - Redis 连接成功: localhost:6379
2026-05-07 13:53:09,665 - storage.milvus_client - INFO - milvus_client.py:51 - Milvus 连接成功: localhost:19530
2026-05-07 13:53:09,666 - main - INFO - main.py:88 - 所有服务连接成功
2026-05-07 13:53:09,679 - main - INFO - main.py:40 - 加载 Embedding 模型: F:\4--专业所有安装的软件及改动设置\2-6--专高6\bge-m3
2026-05-07 13:53:09,681 - sentence_transformers.base.model - INFO - model.py:177 - No device provided, using cuda:0
2026-05-07 13:53:09,681 - sentence_transformers.base.model - INFO - model.py:973 - Loading SentenceTransformer model from F:\4--专业所有安装的软件及改动设置\2-6--专高6\bge-m3.
2026-05-07 13:53:10,553 - sentence_transformers.base.modules.transformer - DEBUG - transformer.py:728 - Active modality config: {'text': {'method': 'forward', 'method_output_name': 'last_hidden_state'}}
2026-05-07 13:53:13,794 - langchain_community.vectorstores.milvus - DEBUG - milvus.py:281 - Using previous connection: default
2026-05-07 13:53:13,975 - main - INFO - main.py:105 - 加载已有向量库: rag_chatbot_v2
2026-05-07 13:53:13,977 - sentence_transformers.base.model - INFO - model.py:962 - No modules.json found for F:\4--专业所有安装的软件及改动设置\2-3--专高3\3-bge-reranker-base\bge-reranker-base, initializing a new CrossEncoder model.
2026-05-07 13:53:14,836 - sentence_transformers.base.modules.transformer - DEBUG - transformer.py:728 - Active modality config: {'text': {'method': 'forward', 'method_output_name': 'logits'}}
2026-05-07 13:53:14,838 - core.rag_engine - INFO - rag_engine.py:57 - [Reranker] BGE 重排序器加载成功 (device=cpu)
2026-05-07 13:53:14,838 - main - INFO - main.py:126 - RAG 组件初始化成功
2026-05-07 13:53:42,409 - core.rag_engine - DEBUG - rag_engine.py:72 - [Reranker] 重排序完成: 10 -> 5
2026-05-07 13:53:42,410 - core.rag_engine - INFO - rag_engine.py:126 - [RAG] 检索到 5 个文档, context长度: 3078
2026-05-07 13:53:42,411 - storage.redis_client - DEBUG - redis_client.py:114 - [Redis] 获取短期记忆: short_term:user:2:role:lawyer:session:conv_20260506_165224_2, 数量: 5
2026-05-07 13:53:42,411 - core.memory - DEBUG - memory.py:82 - [短期记忆] 获取到 5 条
2026-05-07 13:54:13,761 - storage.redis_client - DEBUG - redis_client.py:86 - [Redis] 保存短期记忆: short_term:user:2:role:lawyer:session:conv_20260506_165224_2, 当前长度: 7
2026-05-07 13:54:13,761 - core.memory - DEBUG - memory.py:76 - [短期记忆] 已保存: user=2, role=lawyer
2026-05-07 13:56:39,409 - main - INFO - main.py:131 - 正在关闭服务...
2026-05-07 14:53:18,440 - datasets - DEBUG - config.py:54 - PyTorch version 2.11.0+cu128 available.
2026-05-07 14:53:26,912 - datasets - DEBUG - config.py:54 - PyTorch version 2.11.0+cu128 available.
2026-05-07 14:53:27,520 - asyncio - DEBUG - selector_events.py:54 - Using selector: SelectSelector
2026-05-07 14:53:27,547 - main - INFO - main.py:121 - ==================================================
2026-05-07 14:53:27,547 - main - INFO - main.py:122 - 启动 RAG 角色扮演系统
2026-05-07 14:53:27,548 - main - INFO - main.py:123 - ==================================================
2026-05-07 14:53:27,552 - storage.mysql_client - INFO - mysql_client.py:60 - MySQL 连接成功: localhost:3306/rag_chatbot
2026-05-07 14:53:27,556 - storage.redis_client - INFO - redis_client.py:57 - Redis 连接成功: localhost:6379
2026-05-07 14:53:27,614 - storage.milvus_client - INFO - milvus_client.py:60 - Milvus 连接成功: localhost:19530
2026-05-07 14:53:27,614 - main - INFO - main.py:130 - 所有服务连接成功
2026-05-07 14:53:27,627 - main - INFO - main.py:56 - 加载 Embedding 模型: F:\4--专业所有安装的软件及改动设置\2-6--专高6\bge-m3
2026-05-07 14:53:27,629 - sentence_transformers.base.model - INFO - model.py:177 - No device provided, using cuda:0
2026-05-07 14:53:27,629 - sentence_transformers.base.model - INFO - model.py:973 - Loading SentenceTransformer model from F:\4--专业所有安装的软件及改动设置\2-6--专高6\bge-m3.
2026-05-07 14:53:28,503 - sentence_transformers.base.modules.transformer - DEBUG - transformer.py:728 - Active modality config: {'text': {'method': 'forward', 'method_output_name': 'last_hidden_state'}}
2026-05-07 14:53:29,535 - langchain_community.vectorstores.milvus - DEBUG - milvus.py:281 - Using previous connection: default
2026-05-07 14:53:29,675 - main - INFO - main.py:148 - 加载已有向量库: rag_chatbot_v2
2026-05-07 14:53:29,677 - sentence_transformers.base.model - INFO - model.py:962 - No modules.json found for F:\4--专业所有安装的软件及改动设置\2-3--专高3\3-bge-reranker-base\bge-reranker-base, initializing a new CrossEncoder model.
2026-05-07 14:53:30,566 - sentence_transformers.base.modules.transformer - DEBUG - transformer.py:728 - Active modality config: {'text': {'method': 'forward', 'method_output_name': 'logits'}}
2026-05-07 14:53:30,568 - core.rag_engine - INFO - rag_engine.py:70 - [Reranker] BGE 重排序器加载成功 (device=cpu)
2026-05-07 14:53:30,569 - main - INFO - main.py:169 - RAG 组件初始化成功
2026-05-07 14:55:11,962 - core.rag_engine - DEBUG - rag_engine.py:92 - [Reranker] 重排序完成: 10 -> 5
2026-05-07 14:55:11,962 - core.rag_engine - INFO - rag_engine.py:164 - [RAG] 检索到 5 个文档, context长度: 3445
2026-05-07 14:55:11,973 - storage.redis_client - DEBUG - redis_client.py:130 - [Redis] 获取短期记忆: short_term:user:2:role:lawyer:session:conv_20260506_165224_2, 数量: 5
2026-05-07 14:55:11,973 - core.memory - DEBUG - memory.py:115 - [短期记忆] 获取到 5 条
2026-05-07 14:55:26,481 - storage.redis_client - DEBUG - redis_client.py:101 - [Redis] 保存短期记忆: short_term:user:2:role:lawyer:session:conv_20260506_165224_2, 当前长度: 8
2026-05-07 14:55:26,481 - core.memory - DEBUG - memory.py:106 - [短期记忆] 已保存: user=2, role=lawyer
2026-05-07 15:07:09,802 - core.rag_engine - DEBUG - rag_engine.py:92 - [Reranker] 重排序完成: 10 -> 5
2026-05-07 15:07:09,803 - core.rag_engine - INFO - rag_engine.py:164 - [RAG] 检索到 5 个文档, context长度: 3561
2026-05-07 15:07:09,808 - storage.redis_client - DEBUG - redis_client.py:130 - [Redis] 获取短期记忆: short_term:user:2:role:lawyer:session:conv_20260506_165224_2, 数量: 5
2026-05-07 15:07:09,808 - core.memory - DEBUG - memory.py:115 - [短期记忆] 获取到 5 条
2026-05-07 15:07:33,634 - storage.redis_client - DEBUG - redis_client.py:101 - [Redis] 保存短期记忆: short_term:user:2:role:lawyer:session:conv_20260506_165224_2, 当前长度: 9
2026-05-07 15:07:33,635 - core.memory - DEBUG - memory.py:106 - [短期记忆] 已保存: user=2, role=lawyer
2026-05-07 16:34:30,878 - main - INFO - main.py:174 - 正在关闭服务...
2026-05-29 11:00:00,652 - datasets - DEBUG - config.py:54 - PyTorch version 2.11.0+cu128 available.
2026-05-29 11:00:00,665 - datasets - DEBUG - config.py:66 - Polars version 1.41.0 available.
2026-05-29 11:00:36,554 - datasets - DEBUG - config.py:54 - PyTorch version 2.11.0+cu128 available.
2026-05-29 11:00:36,556 - datasets - DEBUG - config.py:66 - Polars version 1.41.0 available.
2026-05-29 11:00:39,214 - asyncio - DEBUG - selector_events.py:54 - Using selector: SelectSelector
2026-05-29 11:00:39,404 - main - INFO - main.py:121 - ==================================================
2026-05-29 11:00:39,406 - main - INFO - main.py:122 - 启动 RAG 角色扮演系统
2026-05-29 11:00:39,406 - main - INFO - main.py:123 - ==================================================
2026-05-29 11:00:39,629 - storage.mysql_client - INFO - mysql_client.py:60 - MySQL 连接成功: localhost:3306/rag_chatbot
2026-05-29 11:00:39,661 - storage.redis_client - INFO - redis_client.py:57 - Redis 连接成功: localhost:6379
2026-05-29 11:00:39,778 - storage.milvus_client - INFO - milvus_client.py:60 - Milvus 连接成功: localhost:19530
2026-05-29 11:00:39,779 - main - INFO - main.py:130 - 所有服务连接成功
2026-05-29 11:00:39,859 - main - INFO - main.py:56 - 加载 Embedding 模型: F:\4--专业所有安装的软件及改动设置\2-6--专高6\bge-m3
2026-05-29 11:00:39,879 - sentence_transformers.base.model - INFO - model.py:177 - No device provided, using cuda:0
2026-05-29 11:15:41,668 - datasets - DEBUG - config.py:54 - PyTorch version 2.11.0+cu128 available.
2026-05-29 11:15:41,679 - datasets - DEBUG - config.py:66 - Polars version 1.41.0 available.
2026-05-29 11:15:58,287 - datasets - DEBUG - config.py:54 - PyTorch version 2.11.0+cu128 available.
2026-05-29 11:15:58,289 - datasets - DEBUG - config.py:66 - Polars version 1.41.0 available.
2026-05-29 11:15:58,899 - asyncio - DEBUG - selector_events.py:54 - Using selector: SelectSelector
2026-05-29 11:15:58,924 - main - INFO - main.py:121 - ==================================================
2026-05-29 11:15:58,924 - main - INFO - main.py:122 - 启动 RAG 角色扮演系统
2026-05-29 11:15:58,925 - main - INFO - main.py:123 - ==================================================
2026-05-29 11:15:58,949 - storage.mysql_client - INFO - mysql_client.py:60 - MySQL 连接成功: localhost:3306/rag_chatbot
2026-05-29 11:15:58,966 - storage.redis_client - INFO - redis_client.py:57 - Redis 连接成功: localhost:6379
2026-05-29 11:15:59,021 - storage.milvus_client - INFO - milvus_client.py:60 - Milvus 连接成功: localhost:19530
2026-05-29 11:15:59,022 - main - INFO - main.py:130 - 所有服务连接成功
2026-05-29 11:15:59,034 - main - INFO - main.py:56 - 加载 Embedding 模型: F:\4--专业所有安装的软件及改动设置\2-6--专高6\bge-m3
2026-05-29 11:15:59,036 - sentence_transformers.base.model - INFO - model.py:177 - No device provided, using cuda:0
2026-05-29 11:15:59,050 - sentence_transformers.base.model - INFO - model.py:973 - Loading SentenceTransformer model from F:\4--专业所有安装的软件及改动设置\2-6--专高6\bge-m3.
2026-05-29 11:16:00,259 - sentence_transformers.base.modules.transformer - DEBUG - transformer.py:728 - Active modality config: {'text': {'method': 'forward', 'method_output_name': 'last_hidden_state'}}
2026-05-29 11:16:03,915 - main - INFO - main.py:89 - 正在加载知识库...
2026-05-29 11:16:03,916 - processor.data_processor - INFO - data_processor.py:166 - 加载文件: test_upload.txt
2026-05-29 11:16:03,934 - processor.data_processor - INFO - data_processor.py:168 -   提取 1 段文本
2026-05-29 11:16:03,935 - processor.data_processor - INFO - data_processor.py:166 - 加载文件: 中国心力衰竭诊断和治疗指南2024.pdf
2026-05-29 11:16:04,097 - processor.advanced_parser - INFO - advanced_parser.py:73 - [Fitz] 解析成功: 中国心力衰竭诊断和治疗指南2024.pdf, 41页
2026-05-29 11:16:04,097 - processor.data_processor - INFO - data_processor.py:168 -   提取 41 段文本
2026-05-29 11:16:04,097 - processor.data_processor - INFO - data_processor.py:166 - 加载文件: 中国肺动脉高压诊断与治疗指南（2021版）.pdf
2026-05-29 11:16:04,320 - processor.advanced_parser - INFO - advanced_parser.py:73 - [Fitz] 解析成功: 中国肺动脉高压诊断与治疗指南（2021版）.pdf, 41页
2026-05-29 11:16:04,320 - processor.data_processor - INFO - data_processor.py:168 -   提取 41 段文本
2026-05-29 11:16:04,321 - processor.data_processor - INFO - data_processor.py:166 - 加载文件: 高血压基层医防融合服务规范.pdf
2026-05-29 11:16:04,426 - processor.advanced_parser - INFO - advanced_parser.py:73 - [Fitz] 解析成功: 高血压基层医防融合服务规范.pdf, 7页
2026-05-29 11:16:04,427 - processor.data_processor - INFO - data_processor.py:168 -   提取 7 段文本
2026-05-29 11:16:04,427 - processor.data_processor - INFO - data_processor.py:166 - 加载文件: 中华人民共和国民法典_20200528.docx
2026-05-29 11:16:04,623 - processor.advanced_parser - INFO - advanced_parser.py:73 - [Fitz] 解析成功: 中华人民共和国民法典_20200528.docx, 175页
2026-05-29 11:16:04,623 - processor.data_processor - INFO - data_processor.py:168 -   提取 175 段文本
2026-05-29 11:16:04,623 - processor.data_processor - INFO - data_processor.py:191 - 目录加载完成: 共加载 5 个文件
2026-05-29 11:16:04,623 - processor.data_processor - INFO - data_processor.py:429 - 
处理文件: test_upload.txt
2026-05-29 11:16:04,626 - processor.data_processor - INFO - data_processor.py:122 - 过滤无效文本: 移除 1 段 (小于50字符)
2026-05-29 11:16:04,626 - processor.data_processor - INFO - data_processor.py:403 -   分块参数: chunk_size=800, overlap=100
2026-05-29 11:16:04,627 - processor.data_processor - INFO - data_processor.py:510 -   文件处理完成: 1 段 -> 0 个块
2026-05-29 11:16:04,627 - processor.data_processor - INFO - data_processor.py:429 - 
处理文件: 中国心力衰竭诊断和治疗指南2024.pdf
2026-05-29 11:16:04,627 - processor.data_processor - INFO - data_processor.py:379 - 为文件 中国心力衰竭诊断和治疗指南2024.pdf 选择策略: 医疗指南策略
2026-05-29 11:16:04,629 - processor.data_processor - DEBUG - data_processor.py:104 - 文本清理: 1922 -> 1865 字符
2026-05-29 11:16:04,629 - processor.data_processor - DEBUG - data_processor.py:104 - 文本清理: 2165 -> 2073 字符
2026-05-29 11:16:04,630 - processor.data_processor - DEBUG - data_processor.py:104 - 文本清理: 2235 -> 2128 字符
2026-05-29 11:16:04,630 - processor.data_processor - DEBUG - data_processor.py:104 - 文本清理: 1672 -> 1561 字符
2026-05-29 11:16:04,630 - processor.data_processor - DEBUG - data_processor.py:104 - 文本清理: 1790 -> 1335 字符
2026-05-29 11:16:04,630 - processor.data_processor - DEBUG - data_processor.py:104 - 文本清理: 2267 -> 2162 字符
2026-05-29 11:16:04,630 - processor.data_processor - DEBUG - data_processor.py:104 - 文本清理: 2121 -> 2019 字符
2026-05-29 11:16:04,630 - processor.data_processor - DEBUG - data_processor.py:104 - 文本清理: 1787 -> 1741 字符
2026-05-29 11:16:04,631 - processor.data_processor - DEBUG - data_processor.py:104 - 文本清理: 2365 -> 2302 字符
2026-05-29 11:16:04,631 - processor.data_processor - DEBUG - data_processor.py:104 - 文本清理: 2082 -> 2019 字符
2026-05-29 11:16:04,631 - processor.data_processor - DEBUG - data_processor.py:104 - 文本清理: 2237 -> 2166 字符
2026-05-29 11:16:04,631 - processor.data_processor - DEBUG - data_processor.py:104 - 文本清理: 2189 -> 2106 字符
2026-05-29 11:16:04,631 - processor.data_processor - DEBUG - data_processor.py:104 - 文本清理: 2286 -> 2195 字符
2026-05-29 11:16:04,631 - processor.data_processor - DEBUG - data_processor.py:104 - 文本清理: 2047 -> 1706 字符
2026-05-29 11:16:04,631 - processor.data_processor - DEBUG - data_processor.py:104 - 文本清理: 2009 -> 1909 字符
2026-05-29 11:16:04,632 - processor.data_processor - DEBUG - data_processor.py:104 - 文本清理: 1861 -> 1777 字符
2026-05-29 11:16:04,632 - processor.data_processor - DEBUG - data_processor.py:104 - 文本清理: 2083 -> 1981 字符
2026-05-29 11:16:04,632 - processor.data_processor - DEBUG - data_processor.py:104 - 文本清理: 1655 -> 1361 字符
2026-05-29 11:16:04,632 - processor.data_processor - DEBUG - data_processor.py:104 - 文本清理: 2166 -> 2097 字符
2026-05-29 11:16:04,632 - processor.data_processor - DEBUG - data_processor.py:104 - 文本清理: 1960 -> 1850 字符
2026-05-29 11:16:04,633 - processor.data_processor - DEBUG - data_processor.py:104 - 文本清理: 2158 -> 2102 字符
2026-05-29 11:16:04,633 - processor.data_processor - DEBUG - data_processor.py:104 - 文本清理: 2043 -> 1957 字符
2026-05-29 11:16:04,633 - processor.data_processor - DEBUG - data_processor.py:104 - 文本清理: 1926 -> 1453 字符
2026-05-29 11:16:04,633 - processor.data_processor - DEBUG - data_processor.py:104 - 文本清理: 1738 -> 1671 字符
2026-05-29 11:16:04,633 - processor.data_processor - DEBUG - data_processor.py:104 - 文本清理: 1936 -> 1597 字符
2026-05-29 11:16:04,633 - processor.data_processor - DEBUG - data_processor.py:104 - 文本清理: 2177 -> 2090 字符
2026-05-29 11:16:04,634 - processor.data_processor - DEBUG - data_processor.py:104 - 文本清理: 2152 -> 2066 字符
2026-05-29 11:16:04,634 - processor.data_processor - DEBUG - data_processor.py:104 - 文本清理: 1503 -> 1443 字符
2026-05-29 11:16:04,634 - processor.data_processor - DEBUG - data_processor.py:104 - 文本清理: 2181 -> 2095 字符
2026-05-29 11:16:04,634 - processor.data_processor - DEBUG - data_processor.py:104 - 文本清理: 2026 -> 1950 字符
2026-05-29 11:16:04,634 - processor.data_processor - DEBUG - data_processor.py:104 - 文本清理: 1992 -> 1932 字符
2026-05-29 11:16:04,634 - processor.data_processor - DEBUG - data_processor.py:104 - 文本清理: 2080 -> 2009 字符
2026-05-29 11:16:04,635 - processor.data_processor - DEBUG - data_processor.py:104 - 文本清理: 4022 -> 3858 字符
2026-05-29 11:16:04,635 - processor.data_processor - DEBUG - data_processor.py:104 - 文本清理: 6078 -> 5716 字符
2026-05-29 11:16:04,635 - processor.data_processor - DEBUG - data_processor.py:104 - 文本清理: 6207 -> 5864 字符
2026-05-29 11:16:04,636 - processor.data_processor - DEBUG - data_processor.py:104 - 文本清理: 6272 -> 5922 字符
2026-05-29 11:16:04,636 - processor.data_processor - DEBUG - data_processor.py:104 - 文本清理: 6256 -> 5900 字符
2026-05-29 11:16:04,636 - processor.data_processor - DEBUG - data_processor.py:104 - 文本清理: 6122 -> 5775 字符
2026-05-29 11:16:04,637 - processor.data_processor - DEBUG - data_processor.py:104 - 文本清理: 6125 -> 5823 字符
2026-05-29 11:16:04,637 - processor.data_processor - DEBUG - data_processor.py:104 - 文本清理: 5868 -> 5558 字符
2026-05-29 11:16:04,637 - processor.data_processor - DEBUG - data_processor.py:104 - 文本清理: 3239 -> 3049 字符
2026-05-29 11:16:04,639 - processor.data_processor - INFO - data_processor.py:379 - 为文件 中国心力衰竭诊断和治疗指南2024.pdf 选择策略: 医疗指南策略
2026-05-29 11:16:04,639 - processor.data_processor - INFO - data_processor.py:403 -   分块参数: chunk_size=700, overlap=100
2026-05-29 11:16:04,654 - processor.data_processor - INFO - data_processor.py:510 -   文件处理完成: 41 段 -> 213 个块
2026-05-29 11:16:04,654 - processor.data_processor - INFO - data_processor.py:379 - 为文件 中国心力衰竭诊断和治疗指南2024.pdf 选择策略: 医疗指南策略
2026-05-29 11:16:04,655 - processor.data_processor - INFO - data_processor.py:429 - 
处理文件: 中国肺动脉高压诊断与治疗指南（2021版）.pdf
2026-05-29 11:16:04,655 - processor.data_processor - INFO - data_processor.py:379 - 为文件 中国肺动脉高压诊断与治疗指南（2021版）.pdf 选择策略: 医疗指南策略
2026-05-29 11:16:04,656 - processor.data_processor - DEBUG - data_processor.py:104 - 文本清理: 1514 -> 1483 字符
2026-05-29 11:16:04,656 - processor.data_processor - DEBUG - data_processor.py:104 - 文本清理: 2332 -> 2242 字符
2026-05-29 11:16:04,657 - processor.data_processor - DEBUG - data_processor.py:104 - 文本清理: 1561 -> 1524 字符
2026-05-29 11:16:04,657 - processor.data_processor - DEBUG - data_processor.py:104 - 文本清理: 3023 -> 2918 字符
2026-05-29 11:16:04,657 - processor.data_processor - DEBUG - data_processor.py:104 - 文本清理: 1901 -> 1867 字符
2026-05-29 11:16:04,657 - processor.data_processor - DEBUG - data_processor.py:104 - 文本清理: 2498 -> 2356 字符
2026-05-29 11:16:04,657 - processor.data_processor - DEBUG - data_processor.py:104 - 文本清理: 2204 -> 2081 字符
2026-05-29 11:16:04,657 - processor.data_processor - DEBUG - data_processor.py:104 - 文本清理: 2033 -> 1984 字符
2026-05-29 11:16:04,658 - processor.data_processor - DEBUG - data_processor.py:104 - 文本清理: 2033 -> 1965 字符
2026-05-29 11:16:04,658 - processor.data_processor - DEBUG - data_processor.py:104 - 文本清理: 1899 -> 1844 字符
2026-05-29 11:16:04,658 - processor.data_processor - DEBUG - data_processor.py:104 - 文本清理: 1517 -> 1468 字符
2026-05-29 11:16:04,658 - processor.data_processor - DEBUG - data_processor.py:104 - 文本清理: 2163 -> 2054 字符
2026-05-29 11:16:04,658 - processor.data_processor - DEBUG - data_processor.py:104 - 文本清理: 2157 -> 2072 字符
2026-05-29 11:16:04,658 - processor.data_processor - DEBUG - data_processor.py:104 - 文本清理: 2074 -> 2012 字符
2026-05-29 11:16:04,659 - processor.data_processor - DEBUG - data_processor.py:104 - 文本清理: 2250 -> 2170 字符
2026-05-29 11:16:04,659 - processor.data_processor - DEBUG - data_processor.py:104 - 文本清理: 2218 -> 2144 字符
2026-05-29 11:16:04,660 - processor.data_processor - DEBUG - data_processor.py:104 - 文本清理: 1854 -> 1761 字符
2026-05-29 11:16:04,660 - processor.data_processor - DEBUG - data_processor.py:104 - 文本清理: 2043 -> 1933 字符
2026-05-29 11:16:04,660 - processor.data_processor - DEBUG - data_processor.py:104 - 文本清理: 1684 -> 1640 字符
2026-05-29 11:16:04,660 - processor.data_processor - DEBUG - data_processor.py:104 - 文本清理: 2160 -> 2097 字符
2026-05-29 11:16:04,660 - processor.data_processor - DEBUG - data_processor.py:104 - 文本清理: 2108 -> 2048 字符
2026-05-29 11:16:04,660 - processor.data_processor - DEBUG - data_processor.py:104 - 文本清理: 2151 -> 2091 字符
2026-05-29 11:16:04,660 - processor.data_processor - DEBUG - data_processor.py:104 - 文本清理: 2033 -> 1993 字符
2026-05-29 11:16:04,660 - processor.data_processor - DEBUG - data_processor.py:104 - 文本清理: 2014 -> 1962 字符
2026-05-29 11:16:04,660 - processor.data_processor - DEBUG - data_processor.py:104 - 文本清理: 2014 -> 1958 字符
2026-05-29 11:16:04,660 - processor.data_processor - DEBUG - data_processor.py:104 - 文本清理: 1925 -> 1874 字符
2026-05-29 11:16:04,661 - processor.data_processor - DEBUG - data_processor.py:104 - 文本清理: 1749 -> 1707 字符
2026-05-29 11:16:04,661 - processor.data_processor - DEBUG - data_processor.py:104 - 文本清理: 2050 -> 2005 字符
2026-05-29 11:16:04,661 - processor.data_processor - DEBUG - data_processor.py:104 - 文本清理: 2255 -> 2206 字符
2026-05-29 11:16:04,661 - processor.data_processor - DEBUG - data_processor.py:104 - 文本清理: 2770 -> 2729 字符
2026-05-29 11:16:04,661 - processor.data_processor - DEBUG - data_processor.py:104 - 文本清理: 5947 -> 5738 字符
2026-05-29 11:16:04,662 - processor.data_processor - DEBUG - data_processor.py:104 - 文本清理: 5572 -> 5342 字符
2026-05-29 11:16:04,662 - processor.data_processor - DEBUG - data_processor.py:104 - 文本清理: 6023 -> 5783 字符
2026-05-29 11:16:04,662 - processor.data_processor - DEBUG - data_processor.py:104 - 文本清理: 6000 -> 5793 字符
2026-05-29 11:16:04,663 - processor.data_processor - DEBUG - data_processor.py:104 - 文本清理: 6215 -> 6000 字符
2026-05-29 11:16:04,663 - processor.data_processor - DEBUG - data_processor.py:104 - 文本清理: 5958 -> 5737 字符
2026-05-29 11:16:04,663 - processor.data_processor - DEBUG - data_processor.py:104 - 文本清理: 6281 -> 6047 字符
2026-05-29 11:16:04,664 - processor.data_processor - DEBUG - data_processor.py:104 - 文本清理: 6028 -> 5799 字符
2026-05-29 11:16:04,664 - processor.data_processor - DEBUG - data_processor.py:104 - 文本清理: 6148 -> 5927 字符
2026-05-29 11:16:04,664 - processor.data_processor - DEBUG - data_processor.py:104 - 文本清理: 5982 -> 5763 字符
2026-05-29 11:16:04,664 - processor.data_processor - DEBUG - data_processor.py:104 - 文本清理: 2160 -> 2095 字符
2026-05-29 11:16:04,666 - processor.data_processor - INFO - data_processor.py:379 - 为文件 中国肺动脉高压诊断与治疗指南（2021版）.pdf 选择策略: 医疗指南策略
2026-05-29 11:16:04,666 - processor.data_processor - INFO - data_processor.py:403 -   分块参数: chunk_size=700, overlap=100
2026-05-29 11:16:04,684 - processor.data_processor - INFO - data_processor.py:510 -   文件处理完成: 41 段 -> 239 个块
2026-05-29 11:16:04,684 - processor.data_processor - INFO - data_processor.py:379 - 为文件 中国肺动脉高压诊断与治疗指南（2021版）.pdf 选择策略: 医疗指南策略
2026-05-29 11:16:04,684 - processor.data_processor - INFO - data_processor.py:429 - 
处理文件: 高血压基层医防融合服务规范.pdf
2026-05-29 11:16:04,685 - processor.data_processor - INFO - data_processor.py:379 - 为文件 高血压基层医防融合服务规范.pdf 选择策略: 医疗指南策略
2026-05-29 11:16:04,685 - processor.data_processor - DEBUG - data_processor.py:104 - 文本清理: 3201 -> 3165 字符
2026-05-29 11:16:04,686 - processor.data_processor - DEBUG - data_processor.py:104 - 文本清理: 1966 -> 1895 字符
2026-05-29 11:16:04,686 - processor.data_processor - DEBUG - data_processor.py:104 - 文本清理: 2314 -> 2232 字符
2026-05-29 11:16:04,686 - processor.data_processor - DEBUG - data_processor.py:104 - 文本清理: 2194 -> 2131 字符
2026-05-29 11:16:04,686 - processor.data_processor - DEBUG - data_processor.py:104 - 文本清理: 1769 -> 1731 字符
2026-05-29 11:16:04,686 - processor.data_processor - DEBUG - data_processor.py:104 - 文本清理: 1451 -> 1432 字符
2026-05-29 11:16:04,686 - processor.data_processor - DEBUG - data_processor.py:104 - 文本清理: 3298 -> 3168 字符
2026-05-29 11:16:04,687 - processor.data_processor - INFO - data_processor.py:379 - 为文件 高血压基层医防融合服务规范.pdf 选择策略: 医疗指南策略
2026-05-29 11:16:04,687 - processor.data_processor - INFO - data_processor.py:403 -   分块参数: chunk_size=700, overlap=100
2026-05-29 11:16:04,689 - processor.data_processor - INFO - data_processor.py:510 -   文件处理完成: 7 段 -> 32 个块
2026-05-29 11:16:04,689 - processor.data_processor - INFO - data_processor.py:379 - 为文件 高血压基层医防融合服务规范.pdf 选择策略: 医疗指南策略
2026-05-29 11:16:04,690 - processor.data_processor - INFO - data_processor.py:429 - 
处理文件: 中华人民共和国民法典_20200528.docx
2026-05-29 11:16:04,690 - processor.data_processor - INFO - data_processor.py:379 - 为文件 中华人民共和国民法典_20200528.docx 选择策略: 法律条文策略
2026-05-29 11:16:04,691 - processor.data_processor - DEBUG - data_processor.py:104 - 文本清理: 253 -> 226 字符
2026-05-29 11:16:04,692 - processor.data_processor - DEBUG - data_processor.py:104 - 文本清理: 268 -> 243 字符
2026-05-29 11:16:04,692 - processor.data_processor - DEBUG - data_processor.py:104 - 文本清理: 239 -> 222 字符
2026-05-29 11:16:04,692 - processor.data_processor - DEBUG - data_processor.py:104 - 文本清理: 243 -> 233 字符
2026-05-29 11:16:04,692 - processor.data_processor - DEBUG - data_processor.py:104 - 文本清理: 269 -> 249 字符
2026-05-29 11:16:04,692 - processor.data_processor - DEBUG - data_processor.py:104 - 文本清理: 246 -> 229 字符
2026-05-29 11:16:04,692 - processor.data_processor - DEBUG - data_processor.py:104 - 文本清理: 407 -> 398 字符
2026-05-29 11:16:04,692 - processor.data_processor - DEBUG - data_processor.py:104 - 文本清理: 544 -> 537 字符
2026-05-29 11:16:04,692 - processor.data_processor - DEBUG - data_processor.py:104 - 文本清理: 758 -> 741 字符
2026-05-29 11:16:04,692 - processor.data_processor - DEBUG - data_processor.py:104 - 文本清理: 522 -> 510 字符
2026-05-29 11:16:04,693 - processor.data_processor - DEBUG - data_processor.py:104 - 文本清理: 774 -> 761 字符
2026-05-29 11:16:04,693 - processor.data_processor - DEBUG - data_processor.py:104 - 文本清理: 684 -> 668 字符
2026-05-29 11:16:04,693 - processor.data_processor - DEBUG - data_processor.py:104 - 文本清理: 606 -> 599 字符
2026-05-29 11:16:04,693 - processor.data_processor - DEBUG - data_processor.py:104 - 文本清理: 658 -> 655 字符
2026-05-29 11:16:04,693 - processor.data_processor - DEBUG - data_processor.py:104 - 文本清理: 591 -> 582 字符
2026-05-29 11:16:04,693 - processor.data_processor - DEBUG - data_processor.py:104 - 文本清理: 500 -> 494 字符
2026-05-29 11:16:04,693 - processor.data_processor - DEBUG - data_processor.py:104 - 文本清理: 636 -> 630 字符
2026-05-29 11:16:04,693 - processor.data_processor - DEBUG - data_processor.py:104 - 文本清理: 724 -> 713 字符
2026-05-29 11:16:04,693 - processor.data_processor - DEBUG - data_processor.py:104 - 文本清理: 767 -> 753 字符
2026-05-29 11:16:04,693 - processor.data_processor - DEBUG - data_processor.py:104 - 文本清理: 702 -> 688 字符
2026-05-29 11:16:04,694 - processor.data_processor - DEBUG - data_processor.py:104 - 文本清理: 526 -> 518 字符
2026-05-29 11:16:04,694 - processor.data_processor - DEBUG - data_processor.py:104 - 文本清理: 612 -> 588 字符
2026-05-29 11:16:04,694 - processor.data_processor - DEBUG - data_processor.py:104 - 文本清理: 481 -> 469 字符
2026-05-29 11:16:04,694 - processor.data_processor - DEBUG - data_processor.py:104 - 文本清理: 510 -> 501 字符
2026-05-29 11:16:04,694 - processor.data_processor - DEBUG - data_processor.py:104 - 文本清理: 685 -> 674 字符
2026-05-29 11:16:04,694 - processor.data_processor - DEBUG - data_processor.py:104 - 文本清理: 695 -> 690 字符
2026-05-29 11:16:04,694 - processor.data_processor - DEBUG - data_processor.py:104 - 文本清理: 610 -> 604 字符
2026-05-29 11:16:04,694 - processor.data_processor - DEBUG - data_processor.py:104 - 文本清理: 638 -> 632 字符
2026-05-29 11:16:04,694 - processor.data_processor - DEBUG - data_processor.py:104 - 文本清理: 665 -> 660 字符
2026-05-29 11:16:04,694 - processor.data_processor - DEBUG - data_processor.py:104 - 文本清理: 495 -> 490 字符
2026-05-29 11:16:04,695 - processor.data_processor - DEBUG - data_processor.py:104 - 文本清理: 398 -> 391 字符
2026-05-29 11:16:04,695 - processor.data_processor - DEBUG - data_processor.py:104 - 文本清理: 668 -> 659 字符
2026-05-29 11:16:04,695 - processor.data_processor - DEBUG - data_processor.py:104 - 文本清理: 617 -> 611 字符
2026-05-29 11:16:04,695 - processor.data_processor - DEBUG - data_processor.py:104 - 文本清理: 592 -> 575 字符
2026-05-29 11:16:04,695 - processor.data_processor - DEBUG - data_processor.py:104 - 文本清理: 476 -> 460 字符
2026-05-29 11:16:04,695 - processor.data_processor - DEBUG - data_processor.py:104 - 文本清理: 624 -> 612 字符
2026-05-29 11:16:04,695 - processor.data_processor - DEBUG - data_processor.py:104 - 文本清理: 654 -> 643 字符
2026-05-29 11:16:04,695 - processor.data_processor - DEBUG - data_processor.py:104 - 文本清理: 575 -> 564 字符
2026-05-29 11:16:04,695 - processor.data_processor - DEBUG - data_processor.py:104 - 文本清理: 625 -> 609 字符
2026-05-29 11:16:04,695 - processor.data_processor - DEBUG - data_processor.py:104 - 文本清理: 636 -> 618 字符
2026-05-29 11:16:04,696 - processor.data_processor - DEBUG - data_processor.py:104 - 文本清理: 624 -> 596 字符
2026-05-29 11:16:04,696 - processor.data_processor - DEBUG - data_processor.py:104 - 文本清理: 724 -> 693 字符
2026-05-29 11:16:04,696 - processor.data_processor - DEBUG - data_processor.py:104 - 文本清理: 680 -> 664 字符
2026-05-29 11:16:04,696 - processor.data_processor - DEBUG - data_processor.py:104 - 文本清理: 678 -> 667 字符
2026-05-29 11:16:04,696 - processor.data_processor - DEBUG - data_processor.py:104 - 文本清理: 745 -> 727 字符
2026-05-29 11:16:04,696 - processor.data_processor - DEBUG - data_processor.py:104 - 文本清理: 649 -> 621 字符
2026-05-29 11:16:04,696 - processor.data_processor - DEBUG - data_processor.py:104 - 文本清理: 843 -> 837 字符
2026-05-29 11:16:04,696 - processor.data_processor - DEBUG - data_processor.py:104 - 文本清理: 693 -> 686 字符
2026-05-29 11:16:04,696 - processor.data_processor - DEBUG - data_processor.py:104 - 文本清理: 745 -> 738 字符
2026-05-29 11:16:04,696 - processor.data_processor - DEBUG - data_processor.py:104 - 文本清理: 604 -> 583 字符
2026-05-29 11:16:04,697 - processor.data_processor - DEBUG - data_processor.py:104 - 文本清理: 679 -> 668 字符
2026-05-29 11:16:04,697 - processor.data_processor - DEBUG - data_processor.py:104 - 文本清理: 527 -> 510 字符
2026-05-29 11:16:04,697 - processor.data_processor - DEBUG - data_processor.py:104 - 文本清理: 802 -> 781 字符
2026-05-29 11:16:04,697 - processor.data_processor - DEBUG - data_processor.py:104 - 文本清理: 485 -> 480 字符
2026-05-29 11:16:04,697 - processor.data_processor - DEBUG - data_processor.py:104 - 文本清理: 478 -> 474 字符
2026-05-29 11:16:04,697 - processor.data_processor - DEBUG - data_processor.py:104 - 文本清理: 715 -> 703 字符
2026-05-29 11:16:04,697 - processor.data_processor - DEBUG - data_processor.py:104 - 文本清理: 791 -> 778 字符
2026-05-29 11:16:04,697 - processor.data_processor - DEBUG - data_processor.py:104 - 文本清理: 431 -> 420 字符
2026-05-29 11:16:04,697 - processor.data_processor - DEBUG - data_processor.py:104 - 文本清理: 566 -> 548 字符
2026-05-29 11:16:04,698 - processor.data_processor - DEBUG - data_processor.py:104 - 文本清理: 828 -> 824 字符
2026-05-29 11:16:04,698 - processor.data_processor - DEBUG - data_processor.py:104 - 文本清理: 676 -> 668 字符
2026-05-29 11:16:04,698 - processor.data_processor - DEBUG - data_processor.py:104 - 文本清理: 727 -> 722 字符
2026-05-29 11:16:04,698 - processor.data_processor - DEBUG - data_processor.py:104 - 文本清理: 449 -> 440 字符
2026-05-29 11:16:04,698 - processor.data_processor - DEBUG - data_processor.py:104 - 文本清理: 766 -> 755 字符
2026-05-29 11:16:04,698 - processor.data_processor - DEBUG - data_processor.py:104 - 文本清理: 531 -> 507 字符
2026-05-29 11:16:04,698 - processor.data_processor - DEBUG - data_processor.py:104 - 文本清理: 601 -> 593 字符
2026-05-29 11:16:04,698 - processor.data_processor - DEBUG - data_processor.py:104 - 文本清理: 675 -> 664 字符
2026-05-29 11:16:04,698 - processor.data_processor - DEBUG - data_processor.py:104 - 文本清理: 609 -> 597 字符
2026-05-29 11:16:04,698 - processor.data_processor - DEBUG - data_processor.py:104 - 文本清理: 477 -> 463 字符
2026-05-29 11:16:04,699 - processor.data_processor - DEBUG - data_processor.py:104 - 文本清理: 574 -> 564 字符
2026-05-29 11:16:04,699 - processor.data_processor - DEBUG - data_processor.py:104 - 文本清理: 691 -> 686 字符
2026-05-29 11:16:04,699 - processor.data_processor - DEBUG - data_processor.py:104 - 文本清理: 790 -> 771 字符
2026-05-29 11:16:04,699 - processor.data_processor - DEBUG - data_processor.py:104 - 文本清理: 689 -> 682 字符
2026-05-29 11:16:04,699 - processor.data_processor - DEBUG - data_processor.py:104 - 文本清理: 666 -> 656 字符
2026-05-29 11:16:04,699 - processor.data_processor - DEBUG - data_processor.py:104 - 文本清理: 653 -> 643 字符
2026-05-29 11:16:04,699 - processor.data_processor - DEBUG - data_processor.py:104 - 文本清理: 834 -> 829 字符
2026-05-29 11:16:04,699 - processor.data_processor - DEBUG - data_processor.py:104 - 文本清理: 704 -> 700 字符
2026-05-29 11:16:04,699 - processor.data_processor - DEBUG - data_processor.py:104 - 文本清理: 732 -> 726 字符
2026-05-29 11:16:04,699 - processor.data_processor - DEBUG - data_processor.py:104 - 文本清理: 659 -> 650 字符
2026-05-29 11:16:04,700 - processor.data_processor - DEBUG - data_processor.py:104 - 文本清理: 744 -> 735 字符
2026-05-29 11:16:04,700 - processor.data_processor - DEBUG - data_processor.py:104 - 文本清理: 617 -> 614 字符
2026-05-29 11:16:04,700 - processor.data_processor - DEBUG - data_processor.py:104 - 文本清理: 539 -> 532 字符
2026-05-29 11:16:04,700 - processor.data_processor - DEBUG - data_processor.py:104 - 文本清理: 578 -> 575 字符
2026-05-29 11:16:04,700 - processor.data_processor - DEBUG - data_processor.py:104 - 文本清理: 753 -> 747 字符
2026-05-29 11:16:04,700 - processor.data_processor - DEBUG - data_processor.py:104 - 文本清理: 672 -> 662 字符
2026-05-29 11:16:04,700 - processor.data_processor - DEBUG - data_processor.py:104 - 文本清理: 769 -> 759 字符
2026-05-29 11:16:04,700 - processor.data_processor - DEBUG - data_processor.py:104 - 文本清理: 758 -> 755 字符
2026-05-29 11:16:04,700 - processor.data_processor - DEBUG - data_processor.py:104 - 文本清理: 644 -> 631 字符
2026-05-29 11:16:04,701 - processor.data_processor - DEBUG - data_processor.py:104 - 文本清理: 786 -> 775 字符
2026-05-29 11:16:04,701 - processor.data_processor - DEBUG - data_processor.py:104 - 文本清理: 836 -> 830 字符
2026-05-29 11:16:04,701 - processor.data_processor - DEBUG - data_processor.py:104 - 文本清理: 893 -> 883 字符
2026-05-29 11:16:04,701 - processor.data_processor - DEBUG - data_processor.py:104 - 文本清理: 819 -> 816 字符
2026-05-29 11:16:04,701 - processor.data_processor - DEBUG - data_processor.py:104 - 文本清理: 725 -> 717 字符
2026-05-29 11:16:04,701 - processor.data_processor - DEBUG - data_processor.py:104 - 文本清理: 721 -> 707 字符
2026-05-29 11:16:04,701 - processor.data_processor - DEBUG - data_processor.py:104 - 文本清理: 639 -> 626 字符
2026-05-29 11:16:04,701 - processor.data_processor - DEBUG - data_processor.py:104 - 文本清理: 605 -> 594 字符
2026-05-29 11:16:04,701 - processor.data_processor - DEBUG - data_processor.py:104 - 文本清理: 681 -> 674 字符
2026-05-29 11:16:04,701 - processor.data_processor - DEBUG - data_processor.py:104 - 文本清理: 663 -> 655 字符
2026-05-29 11:16:04,702 - processor.data_processor - DEBUG - data_processor.py:104 - 文本清理: 652 -> 646 字符
2026-05-29 11:16:04,702 - processor.data_processor - DEBUG - data_processor.py:104 - 文本清理: 769 -> 766 字符
2026-05-29 11:16:04,702 - processor.data_processor - DEBUG - data_processor.py:104 - 文本清理: 655 -> 645 字符
2026-05-29 11:16:04,702 - processor.data_processor - DEBUG - data_processor.py:104 - 文本清理: 739 -> 734 字符
2026-05-29 11:16:04,702 - processor.data_processor - DEBUG - data_processor.py:104 - 文本清理: 745 -> 739 字符
2026-05-29 11:16:04,702 - processor.data_processor - DEBUG - data_processor.py:104 - 文本清理: 707 -> 695 字符
2026-05-29 11:16:04,702 - processor.data_processor - DEBUG - data_processor.py:104 - 文本清理: 674 -> 667 字符
2026-05-29 11:16:04,702 - processor.data_processor - DEBUG - data_processor.py:104 - 文本清理: 665 -> 655 字符
2026-05-29 11:16:04,702 - processor.data_processor - DEBUG - data_processor.py:104 - 文本清理: 790 -> 779 字符
2026-05-29 11:16:04,702 - processor.data_processor - DEBUG - data_processor.py:104 - 文本清理: 821 -> 811 字符
2026-05-29 11:16:04,703 - processor.data_processor - DEBUG - data_processor.py:104 - 文本清理: 618 -> 605 字符
2026-05-29 11:16:04,703 - processor.data_processor - DEBUG - data_processor.py:104 - 文本清理: 725 -> 718 字符
2026-05-29 11:16:04,703 - processor.data_processor - DEBUG - data_processor.py:104 - 文本清理: 734 -> 715 字符
2026-05-29 11:16:04,703 - processor.data_processor - DEBUG - data_processor.py:104 - 文本清理: 858 -> 824 字符
2026-05-29 11:16:04,703 - processor.data_processor - DEBUG - data_processor.py:104 - 文本清理: 672 -> 657 字符
2026-05-29 11:16:04,703 - processor.data_processor - DEBUG - data_processor.py:104 - 文本清理: 782 -> 768 字符
2026-05-29 11:16:04,703 - processor.data_processor - DEBUG - data_processor.py:104 - 文本清理: 663 -> 645 字符
2026-05-29 11:16:04,703 - processor.data_processor - DEBUG - data_processor.py:104 - 文本清理: 868 -> 854 字符
2026-05-29 11:16:04,703 - processor.data_processor - DEBUG - data_processor.py:104 - 文本清理: 618 -> 608 字符
2026-05-29 11:16:04,703 - processor.data_processor - DEBUG - data_processor.py:104 - 文本清理: 788 -> 765 字符
2026-05-29 11:16:04,704 - processor.data_processor - DEBUG - data_processor.py:104 - 文本清理: 751 -> 743 字符
2026-05-29 11:16:04,704 - processor.data_processor - DEBUG - data_processor.py:104 - 文本清理: 749 -> 737 字符
2026-05-29 11:16:04,704 - processor.data_processor - DEBUG - data_processor.py:104 - 文本清理: 786 -> 777 字符
2026-05-29 11:16:04,704 - processor.data_processor - DEBUG - data_processor.py:104 - 文本清理: 740 -> 728 字符
2026-05-29 11:16:04,704 - processor.data_processor - DEBUG - data_processor.py:104 - 文本清理: 732 -> 726 字符
2026-05-29 11:16:04,704 - processor.data_processor - DEBUG - data_processor.py:104 - 文本清理: 701 -> 696 字符
2026-05-29 11:16:04,704 - processor.data_processor - DEBUG - data_processor.py:104 - 文本清理: 680 -> 667 字符
2026-05-29 11:16:04,704 - processor.data_processor - DEBUG - data_processor.py:104 - 文本清理: 555 -> 540 字符
2026-05-29 11:16:04,704 - processor.data_processor - DEBUG - data_processor.py:104 - 文本清理: 765 -> 758 字符
2026-05-29 11:16:04,704 - processor.data_processor - DEBUG - data_processor.py:104 - 文本清理: 839 -> 836 字符
2026-05-29 11:16:04,705 - processor.data_processor - DEBUG - data_processor.py:104 - 文本清理: 776 -> 761 字符
2026-05-29 11:16:04,705 - processor.data_processor - DEBUG - data_processor.py:104 - 文本清理: 776 -> 753 字符
2026-05-29 11:16:04,705 - processor.data_processor - DEBUG - data_processor.py:104 - 文本清理: 756 -> 745 字符
2026-05-29 11:16:04,705 - processor.data_processor - DEBUG - data_processor.py:104 - 文本清理: 712 -> 708 字符
2026-05-29 11:16:04,705 - processor.data_processor - DEBUG - data_processor.py:104 - 文本清理: 712 -> 708 字符
2026-05-29 11:16:04,705 - processor.data_processor - DEBUG - data_processor.py:104 - 文本清理: 666 -> 658 字符
2026-05-29 11:16:04,705 - processor.data_processor - DEBUG - data_processor.py:104 - 文本清理: 662 -> 658 字符
2026-05-29 11:16:04,705 - processor.data_processor - DEBUG - data_processor.py:104 - 文本清理: 574 -> 568 字符
2026-05-29 11:16:04,705 - processor.data_processor - DEBUG - data_processor.py:104 - 文本清理: 796 -> 760 字符
2026-05-29 11:16:04,705 - processor.data_processor - DEBUG - data_processor.py:104 - 文本清理: 718 -> 698 字符
2026-05-29 11:16:04,706 - processor.data_processor - DEBUG - data_processor.py:104 - 文本清理: 630 -> 608 字符
2026-05-29 11:16:04,706 - processor.data_processor - DEBUG - data_processor.py:104 - 文本清理: 626 -> 594 字符
2026-05-29 11:16:04,706 - processor.data_processor - DEBUG - data_processor.py:104 - 文本清理: 609 -> 598 字符
2026-05-29 11:16:04,706 - processor.data_processor - DEBUG - data_processor.py:104 - 文本清理: 661 -> 647 字符
2026-05-29 11:16:04,706 - processor.data_processor - DEBUG - data_processor.py:104 - 文本清理: 554 -> 520 字符
2026-05-29 11:16:04,706 - processor.data_processor - DEBUG - data_processor.py:104 - 文本清理: 645 -> 632 字符
2026-05-29 11:16:04,706 - processor.data_processor - DEBUG - data_processor.py:104 - 文本清理: 574 -> 554 字符
2026-05-29 11:16:04,706 - processor.data_processor - DEBUG - data_processor.py:104 - 文本清理: 563 -> 560 字符
2026-05-29 11:16:04,706 - processor.data_processor - DEBUG - data_processor.py:104 - 文本清理: 541 -> 530 字符
2026-05-29 11:16:04,706 - processor.data_processor - DEBUG - data_processor.py:104 - 文本清理: 704 -> 693 字符
2026-05-29 11:16:04,706 - processor.data_processor - DEBUG - data_processor.py:104 - 文本清理: 678 -> 663 字符
2026-05-29 11:16:04,707 - processor.data_processor - DEBUG - data_processor.py:104 - 文本清理: 596 -> 588 字符
2026-05-29 11:16:04,707 - processor.data_processor - DEBUG - data_processor.py:104 - 文本清理: 709 -> 701 字符
2026-05-29 11:16:04,707 - processor.data_processor - DEBUG - data_processor.py:104 - 文本清理: 527 -> 516 字符
2026-05-29 11:16:04,707 - processor.data_processor - DEBUG - data_processor.py:104 - 文本清理: 596 -> 588 字符
2026-05-29 11:16:04,707 - processor.data_processor - DEBUG - data_processor.py:104 - 文本清理: 702 -> 691 字符
2026-05-29 11:16:04,707 - processor.data_processor - DEBUG - data_processor.py:104 - 文本清理: 596 -> 587 字符
2026-05-29 11:16:04,707 - processor.data_processor - DEBUG - data_processor.py:104 - 文本清理: 673 -> 666 字符
2026-05-29 11:16:04,707 - processor.data_processor - DEBUG - data_processor.py:104 - 文本清理: 563 -> 550 字符
2026-05-29 11:16:04,707 - processor.data_processor - DEBUG - data_processor.py:104 - 文本清理: 598 -> 589 字符
2026-05-29 11:16:04,707 - processor.data_processor - DEBUG - data_processor.py:104 - 文本清理: 626 -> 609 字符
2026-05-29 11:16:04,708 - processor.data_processor - DEBUG - data_processor.py:104 - 文本清理: 565 -> 559 字符
2026-05-29 11:16:04,708 - processor.data_processor - DEBUG - data_processor.py:104 - 文本清理: 654 -> 647 字符
2026-05-29 11:16:04,708 - processor.data_processor - DEBUG - data_processor.py:104 - 文本清理: 617 -> 612 字符
2026-05-29 11:16:04,708 - processor.data_processor - DEBUG - data_processor.py:104 - 文本清理: 733 -> 722 字符
2026-05-29 11:16:04,708 - processor.data_processor - DEBUG - data_processor.py:104 - 文本清理: 765 -> 756 字符
2026-05-29 11:16:04,708 - processor.data_processor - DEBUG - data_processor.py:104 - 文本清理: 716 -> 709 字符
2026-05-29 11:16:04,708 - processor.data_processor - DEBUG - data_processor.py:104 - 文本清理: 914 -> 907 字符
2026-05-29 11:16:04,708 - processor.data_processor - DEBUG - data_processor.py:104 - 文本清理: 761 -> 737 字符
2026-05-29 11:16:04,708 - processor.data_processor - DEBUG - data_processor.py:104 - 文本清理: 717 -> 700 字符
2026-05-29 11:16:04,708 - processor.data_processor - DEBUG - data_processor.py:104 - 文本清理: 810 -> 800 字符
2026-05-29 11:16:04,709 - processor.data_processor - DEBUG - data_processor.py:104 - 文本清理: 740 -> 724 字符
2026-05-29 11:16:04,709 - processor.data_processor - DEBUG - data_processor.py:104 - 文本清理: 657 -> 638 字符
2026-05-29 11:16:04,709 - processor.data_processor - DEBUG - data_processor.py:104 - 文本清理: 688 -> 676 字符
2026-05-29 11:16:04,709 - processor.data_processor - DEBUG - data_processor.py:104 - 文本清理: 819 -> 810 字符
2026-05-29 11:16:04,709 - processor.data_processor - DEBUG - data_processor.py:104 - 文本清理: 796 -> 776 字符
2026-05-29 11:16:04,709 - processor.data_processor - DEBUG - data_processor.py:104 - 文本清理: 445 -> 410 字符
2026-05-29 11:16:04,711 - processor.data_processor - INFO - data_processor.py:379 - 为文件 中华人民共和国民法典_20200528.docx 选择策略: 法律条文策略
2026-05-29 11:16:04,711 - processor.data_processor - INFO - data_processor.py:403 -   分块参数: chunk_size=900, overlap=150
2026-05-29 11:16:04,719 - processor.data_processor - INFO - data_processor.py:510 -   文件处理完成: 175 段 -> 176 个块
2026-05-29 11:16:04,719 - processor.data_processor - INFO - data_processor.py:379 - 为文件 中华人民共和国民法典_20200528.docx 选择策略: 法律条文策略
2026-05-29 11:16:04,720 - processor.data_processor - INFO - data_processor.py:437 - 
所有文件处理完成: 共 660 个块
2026-05-29 11:16:04,744 - processor.data_processor - INFO - data_processor.py:551 - 数据预览已保存到: knowledge_base_preview.json
2026-05-29 11:16:04,744 - langchain_community.vectorstores.milvus - DEBUG - milvus.py:281 - Using previous connection: default
2026-05-29 11:16:41,555 - langchain_community.vectorstores.milvus - DEBUG - milvus.py:469 - Successfully created an index on collection: rag_chatbot_v2
2026-05-29 11:16:43,259 - main - INFO - main.py:161 - 创建向量库成功，共 660 个向量
2026-05-29 11:16:43,274 - sentence_transformers.base.model - INFO - model.py:962 - No modules.json found for F:\4--专业所有安装的软件及改动设置\2-3--专高3\3-bge-reranker-base\bge-reranker-base, initializing a new CrossEncoder model.
2026-05-29 11:16:50,274 - sentence_transformers.base.modules.transformer - DEBUG - transformer.py:728 - Active modality config: {'text': {'method': 'forward', 'method_output_name': 'logits'}}
2026-05-29 11:16:50,287 - core.rag_engine - INFO - rag_engine.py:70 - [Reranker] BGE 重排序器加载成功 (device=cpu)
2026-05-29 11:16:50,289 - main - INFO - main.py:169 - RAG 组件初始化成功
2026-05-29 11:21:31,055 - main - INFO - main.py:174 - 正在关闭服务...
2026-05-29 11:21:51,550 - datasets - DEBUG - config.py:54 - PyTorch version 2.11.0+cu128 available.
2026-05-29 11:21:51,551 - datasets - DEBUG - config.py:66 - Polars version 1.41.0 available.
2026-05-29 11:22:00,040 - datasets - DEBUG - config.py:54 - PyTorch version 2.11.0+cu128 available.
2026-05-29 11:22:00,041 - datasets - DEBUG - config.py:66 - Polars version 1.41.0 available.
2026-05-29 11:22:00,644 - asyncio - DEBUG - selector_events.py:54 - Using selector: SelectSelector
2026-05-29 11:22:00,669 - main - INFO - main.py:121 - ==================================================
2026-05-29 11:22:00,669 - main - INFO - main.py:122 - 启动 RAG 角色扮演系统
2026-05-29 11:22:00,669 - main - INFO - main.py:123 - ==================================================
2026-05-29 11:22:00,673 - storage.mysql_client - INFO - mysql_client.py:60 - MySQL 连接成功: localhost:3306/rag_chatbot
2026-05-29 11:22:00,677 - storage.redis_client - INFO - redis_client.py:57 - Redis 连接成功: localhost:6379
2026-05-29 11:22:00,730 - storage.milvus_client - INFO - milvus_client.py:60 - Milvus 连接成功: localhost:19530
2026-05-29 11:22:00,731 - main - INFO - main.py:130 - 所有服务连接成功
2026-05-29 11:22:00,742 - main - INFO - main.py:56 - 加载 Embedding 模型: F:\4--专业所有安装的软件及改动设置\2-6--专高6\bge-m3
2026-05-29 11:22:00,744 - sentence_transformers.base.model - INFO - model.py:177 - No device provided, using cuda:0
2026-05-29 11:22:00,744 - sentence_transformers.base.model - INFO - model.py:973 - Loading SentenceTransformer model from F:\4--专业所有安装的软件及改动设置\2-6--专高6\bge-m3.
2026-05-29 11:22:01,532 - sentence_transformers.base.modules.transformer - DEBUG - transformer.py:728 - Active modality config: {'text': {'method': 'forward', 'method_output_name': 'last_hidden_state'}}
2026-05-29 11:22:02,502 - langchain_community.vectorstores.milvus - DEBUG - milvus.py:281 - Using previous connection: default
2026-05-29 11:22:02,677 - main - INFO - main.py:148 - 加载已有向量库: rag_chatbot_v2
2026-05-29 11:22:02,680 - sentence_transformers.base.model - INFO - model.py:962 - No modules.json found for F:\4--专业所有安装的软件及改动设置\2-3--专高3\3-bge-reranker-base\bge-reranker-base, initializing a new CrossEncoder model.
2026-05-29 11:22:03,516 - sentence_transformers.base.modules.transformer - DEBUG - transformer.py:728 - Active modality config: {'text': {'method': 'forward', 'method_output_name': 'logits'}}
2026-05-29 11:22:03,518 - core.rag_engine - INFO - rag_engine.py:70 - [Reranker] BGE 重排序器加载成功 (device=cpu)
2026-05-29 11:22:03,518 - main - INFO - main.py:169 - RAG 组件初始化成功
2026-05-29 11:22:32,829 - processor.data_processor - DEBUG - data_processor.py:104 - 文本清理: 19 -> 11 字符
2026-05-29 11:22:32,830 - processor.data_processor - DEBUG - data_processor.py:104 - 文本清理: 17 -> 9 字符
2026-05-29 11:22:32,830 - processor.data_processor - INFO - data_processor.py:122 - 过滤无效文本: 移除 1 段 (小于10字符)
2026-05-29 11:22:44,487 - main - INFO - main.py:174 - 正在关闭服务...
2026-05-29 11:27:25,699 - datasets - DEBUG - config.py:54 - PyTorch version 2.11.0+cu128 available.
2026-05-29 11:27:25,701 - datasets - DEBUG - config.py:66 - Polars version 1.41.0 available.
2026-05-29 11:27:34,125 - datasets - DEBUG - config.py:54 - PyTorch version 2.11.0+cu128 available.
2026-05-29 11:27:34,127 - datasets - DEBUG - config.py:66 - Polars version 1.41.0 available.
2026-05-29 11:27:34,744 - asyncio - DEBUG - selector_events.py:54 - Using selector: SelectSelector
2026-05-29 11:27:34,770 - main - INFO - main.py:121 - ==================================================
2026-05-29 11:27:34,770 - main - INFO - main.py:122 - 启动 RAG 角色扮演系统
2026-05-29 11:27:34,770 - main - INFO - main.py:123 - ==================================================
2026-05-29 11:27:34,791 - storage.mysql_client - INFO - mysql_client.py:60 - MySQL 连接成功: localhost:3306/rag_chatbot
2026-05-29 11:27:34,808 - storage.redis_client - INFO - redis_client.py:57 - Redis 连接成功: localhost:6379
2026-05-29 11:27:34,866 - storage.milvus_client - INFO - milvus_client.py:60 - Milvus 连接成功: localhost:19530
2026-05-29 11:27:34,867 - main - INFO - main.py:130 - 所有服务连接成功
2026-05-29 11:27:34,880 - main - INFO - main.py:56 - 加载 Embedding 模型: F:\4--专业所有安装的软件及改动设置\2-6--专高6\bge-m3
2026-05-29 11:27:34,883 - sentence_transformers.base.model - INFO - model.py:177 - No device provided, using cuda:0
2026-05-29 11:27:34,883 - sentence_transformers.base.model - INFO - model.py:973 - Loading SentenceTransformer model from F:\4--专业所有安装的软件及改动设置\2-6--专高6\bge-m3.
2026-05-29 11:27:35,667 - sentence_transformers.base.modules.transformer - DEBUG - transformer.py:728 - Active modality config: {'text': {'method': 'forward', 'method_output_name': 'last_hidden_state'}}
2026-05-29 11:27:36,650 - langchain_community.vectorstores.milvus - DEBUG - milvus.py:281 - Using previous connection: default
2026-05-29 11:27:36,825 - main - INFO - main.py:148 - 加载已有向量库: rag_chatbot_v2
2026-05-29 11:27:36,828 - sentence_transformers.base.model - INFO - model.py:962 - No modules.json found for F:\4--专业所有安装的软件及改动设置\2-3--专高3\3-bge-reranker-base\bge-reranker-base, initializing a new CrossEncoder model.
2026-05-29 11:27:37,665 - sentence_transformers.base.modules.transformer - DEBUG - transformer.py:728 - Active modality config: {'text': {'method': 'forward', 'method_output_name': 'logits'}}
2026-05-29 11:27:37,667 - core.rag_engine - INFO - rag_engine.py:70 - [Reranker] BGE 重排序器加载成功 (device=cpu)
2026-05-29 11:27:37,667 - main - INFO - main.py:169 - RAG 组件初始化成功
2026-05-29 11:31:49,484 - processor.data_processor - DEBUG - data_processor.py:104 - 文本清理: 19 -> 11 字符
2026-05-29 11:31:49,484 - processor.data_processor - DEBUG - data_processor.py:104 - 文本清理: 17 -> 9 字符
2026-05-29 11:31:49,485 - processor.data_processor - INFO - data_processor.py:122 - 过滤无效文本: 移除 1 段 (小于10字符)
2026-05-29 11:32:33,705 - core.rag_engine - DEBUG - rag_engine.py:92 - [Reranker] 重排序完成: 10 -> 5
2026-05-29 11:32:33,706 - core.rag_engine - INFO - rag_engine.py:164 - [RAG] 检索到 5 个文档, context长度: 3659
2026-05-29 11:32:33,708 - storage.redis_client - DEBUG - redis_client.py:116 - [Redis] 短期记忆不存在: short_term:user:1:role:lawyer:session:conv_1_lawyer
2026-05-29 11:32:33,726 - urllib3.connectionpool - DEBUG - connectionpool.py:241 - Starting new HTTP connection (1): localhost:11434
2026-05-29 11:32:37,789 - core.rag_engine - ERROR - rag_engine.py:225 - LLM 调用失败: HTTPConnectionPool(host='localhost', port=11434): Max retries exceeded with url: /api/generate (Caused by NewConnectionError("HTTPConnection(host='localhost', port=11434): Failed to establish a new connection: [WinError 10061] 由于目标计算机积极拒绝，无法连接。"))
2026-05-29 11:32:37,796 - storage.redis_client - DEBUG - redis_client.py:101 - [Redis] 保存短期记忆: short_term:user:1:role:lawyer:session:conv_1_lawyer, 当前长度: 1
2026-05-29 11:32:37,796 - core.memory - DEBUG - memory.py:106 - [短期记忆] 已保存: user=1, role=lawyer
2026-05-29 11:32:39,257 - core.rag_engine - DEBUG - rag_engine.py:92 - [Reranker] 重排序完成: 10 -> 5
2026-05-29 11:32:39,257 - core.rag_engine - INFO - rag_engine.py:164 - [RAG] 检索到 5 个文档, context长度: 3211
2026-05-29 11:32:39,259 - storage.redis_client - DEBUG - redis_client.py:130 - [Redis] 获取短期记忆: short_term:user:1:role:lawyer:session:conv_1_lawyer, 数量: 1
2026-05-29 11:32:39,260 - core.memory - DEBUG - memory.py:115 - [短期记忆] 获取到 1 条
2026-05-29 11:32:39,262 - urllib3.connectionpool - DEBUG - connectionpool.py:241 - Starting new HTTP connection (1): localhost:11434
2026-05-29 11:32:43,323 - core.rag_engine - ERROR - rag_engine.py:225 - LLM 调用失败: HTTPConnectionPool(host='localhost', port=11434): Max retries exceeded with url: /api/generate (Caused by NewConnectionError("HTTPConnection(host='localhost', port=11434): Failed to establish a new connection: [WinError 10061] 由于目标计算机积极拒绝，无法连接。"))
2026-05-29 11:32:43,325 - storage.redis_client - DEBUG - redis_client.py:101 - [Redis] 保存短期记忆: short_term:user:1:role:lawyer:session:conv_1_lawyer, 当前长度: 2
2026-05-29 11:32:43,325 - core.memory - DEBUG - memory.py:106 - [短期记忆] 已保存: user=1, role=lawyer
2026-05-29 11:32:43,334 - python_multipart.multipart - DEBUG - multipart.py:636 - Calling on_part_begin with no data
2026-05-29 11:32:43,334 - python_multipart.multipart - DEBUG - multipart.py:633 - Calling on_header_field with data[36:55]
2026-05-29 11:32:43,334 - python_multipart.multipart - DEBUG - multipart.py:633 - Calling on_header_value with data[57:87]
2026-05-29 11:32:43,334 - python_multipart.multipart - DEBUG - multipart.py:636 - Calling on_header_end with no data
2026-05-29 11:32:43,334 - python_multipart.multipart - DEBUG - multipart.py:636 - Calling on_headers_finished with no data
2026-05-29 11:32:43,334 - python_multipart.multipart - DEBUG - multipart.py:633 - Calling on_part_data with data[91:95]
2026-05-29 11:32:43,334 - python_multipart.multipart - DEBUG - multipart.py:636 - Calling on_part_end with no data
2026-05-29 11:32:43,334 - python_multipart.multipart - DEBUG - multipart.py:636 - Calling on_part_begin with no data
2026-05-29 11:32:43,334 - python_multipart.multipart - DEBUG - multipart.py:633 - Calling on_header_field with data[133:152]
2026-05-29 11:32:43,334 - python_multipart.multipart - DEBUG - multipart.py:633 - Calling on_header_value with data[154:204]
2026-05-29 11:32:43,336 - python_multipart.multipart - DEBUG - multipart.py:636 - Calling on_header_end with no data
2026-05-29 11:32:43,336 - python_multipart.multipart - DEBUG - multipart.py:633 - Calling on_header_field with data[206:218]
2026-05-29 11:32:43,336 - python_multipart.multipart - DEBUG - multipart.py:633 - Calling on_header_value with data[220:230]
2026-05-29 11:32:43,336 - python_multipart.multipart - DEBUG - multipart.py:636 - Calling on_header_end with no data
2026-05-29 11:32:43,336 - python_multipart.multipart - DEBUG - multipart.py:636 - Calling on_headers_finished with no data
2026-05-29 11:32:43,336 - python_multipart.multipart - DEBUG - multipart.py:633 - Calling on_part_data with data[234:360]
2026-05-29 11:32:43,336 - python_multipart.multipart - DEBUG - multipart.py:636 - Calling on_part_end with no data
2026-05-29 11:32:43,336 - python_multipart.multipart - DEBUG - multipart.py:636 - Calling on_end with no data
2026-05-29 11:32:43,337 - processor.data_processor - INFO - data_processor.py:166 - 加载文件: test_upload.txt
2026-05-29 11:32:43,338 - processor.data_processor - INFO - data_processor.py:168 -   提取 1 段文本
2026-05-29 11:32:43,338 - processor.data_processor - INFO - data_processor.py:403 -   分块参数: chunk_size=800, overlap=100
2026-05-29 11:32:43,460 - langchain_community.vectorstores.milvus - ERROR - milvus.py:632 - Failed to insert batch starting at entity: 0/1
2026-05-29 11:32:45,151 - core.rag_engine - DEBUG - rag_engine.py:92 - [Reranker] 重排序完成: 10 -> 5
2026-05-29 11:32:45,152 - core.rag_engine - INFO - rag_engine.py:164 - [RAG] 检索到 5 个文档, context长度: 2998
2026-05-29 11:32:45,154 - storage.redis_client - DEBUG - redis_client.py:130 - [Redis] 获取短期记忆: short_term:user:1:role:lawyer:session:conv_1_lawyer, 数量: 2
2026-05-29 11:32:45,154 - core.memory - DEBUG - memory.py:115 - [短期记忆] 获取到 2 条
2026-05-29 11:32:45,156 - urllib3.connectionpool - DEBUG - connectionpool.py:241 - Starting new HTTP connection (1): localhost:11434
2026-05-29 11:32:49,225 - core.rag_engine - ERROR - rag_engine.py:225 - LLM 调用失败: HTTPConnectionPool(host='localhost', port=11434): Max retries exceeded with url: /api/generate (Caused by NewConnectionError("HTTPConnection(host='localhost', port=11434): Failed to establish a new connection: [WinError 10061] 由于目标计算机积极拒绝，无法连接。"))
2026-05-29 11:32:49,230 - storage.redis_client - DEBUG - redis_client.py:101 - [Redis] 保存短期记忆: short_term:user:1:role:lawyer:session:conv_1_lawyer, 当前长度: 3
2026-05-29 11:32:49,230 - core.memory - DEBUG - memory.py:106 - [短期记忆] 已保存: user=1, role=lawyer
2026-05-29 11:32:49,361 - core.memory - INFO - memory.py:70 - 长期记忆集合向量维度: 1024
2026-05-29 11:32:50,772 - core.memory - INFO - memory.py:93 - 长期记忆集合已创建: long_term_memory, 维度: 1024
2026-05-29 11:32:54,096 - core.rag_engine - DEBUG - rag_engine.py:92 - [Reranker] 重排序完成: 10 -> 5
2026-05-29 11:32:54,097 - core.rag_engine - INFO - rag_engine.py:164 - [RAG] 检索到 5 个文档, context长度: 3686
2026-05-29 11:32:54,099 - storage.redis_client - DEBUG - redis_client.py:130 - [Redis] 获取短期记忆: short_term:user:1:role:lawyer:session:conv_1_lawyer, 数量: 3
2026-05-29 11:32:54,099 - core.memory - DEBUG - memory.py:115 - [短期记忆] 获取到 3 条
2026-05-29 11:32:54,101 - urllib3.connectionpool - DEBUG - connectionpool.py:241 - Starting new HTTP connection (1): localhost:11434
2026-05-29 11:32:58,148 - core.rag_engine - ERROR - rag_engine.py:225 - LLM 调用失败: HTTPConnectionPool(host='localhost', port=11434): Max retries exceeded with url: /api/generate (Caused by NewConnectionError("HTTPConnection(host='localhost', port=11434): Failed to establish a new connection: [WinError 10061] 由于目标计算机积极拒绝，无法连接。"))
2026-05-29 11:32:58,152 - storage.redis_client - DEBUG - redis_client.py:101 - [Redis] 保存短期记忆: short_term:user:1:role:lawyer:session:conv_1_lawyer, 当前长度: 4
2026-05-29 11:32:58,153 - core.memory - DEBUG - memory.py:106 - [短期记忆] 已保存: user=1, role=lawyer
2026-05-29 11:33:02,428 - core.rag_engine - DEBUG - rag_engine.py:92 - [Reranker] 重排序完成: 10 -> 5
2026-05-29 11:33:02,428 - core.rag_engine - INFO - rag_engine.py:164 - [RAG] 检索到 5 个文档, context长度: 3246
2026-05-29 11:33:02,429 - storage.redis_client - DEBUG - redis_client.py:116 - [Redis] 短期记忆不存在: short_term:user:1:role:friend:session:conv_1_friend
2026-05-29 11:33:04,725 - core.rag_engine - ERROR - rag_engine.py:254 - LLM 流式调用失败: Cannot connect to host localhost:11434 ssl:default [Multiple exceptions: [Errno 10061] Connect call failed ('::1', 11434, 0, 0), [Errno 10061] Connect call failed ('127.0.0.1', 11434)]
2026-05-29 11:33:04,727 - storage.redis_client - DEBUG - redis_client.py:101 - [Redis] 保存短期记忆: short_term:user:1:role:friend:session:conv_1_friend, 当前长度: 1
2026-05-29 11:33:04,727 - core.memory - DEBUG - memory.py:106 - [短期记忆] 已保存: user=1, role=friend
